source,split,source_id,group_id,claim_text,fact_id,fact_text,label,manual_label,manual_note
TAT-QA,train,861fbad6-2ef5-47aa-bc22-1a3223ee1e4b,TAT-QA:861fbad6-2ef5-47aa-bc22-1a3223ee1e4b,"What is the net income in the fiscal year ended March 31, 2018?",r2c2,"subject=Net income；metric=Net income；period=Fiscal Year Ended March 31,；unit=；scope=TAT-QA",1,1,"与官方 gold 一致；claim 与 fact 词元重合 {31, ended, fiscal, income, march, net}"
TAT-QA,train,84bfc711-4391-4ad5-aeb1-6a9e8808e316,TAT-QA:84bfc711-4391-4ad5-aeb1-6a9e8808e316,What are the years included in the table?,r1c4,subject=；metric=；period=；unit=；scope=TAT-QA,1,0,"冲突：同一 fact_id r1c4 在同组内也被标为负例；元数据缺字段：subject, metric, period"
TAT-QA,train,ff5eb27e-0302-4c31-8641-46bc9bf6738e,TAT-QA:ff5eb27e-0302-4c31-8641-46bc9bf6738e,"What are the respective other revenue in 2017, 2018 and 2019?",r4c1,subject=Other；metric=Other；period=；unit=thousand；scope=TAT-QA,1,1,与官方 gold 一致；claim 与 fact 词元重合 {other}；元数据缺字段：period
TAT-QA,train,4b999f4a-ed44-4283-b46d-0c4d1cbf194a,TAT-QA:4b999f4a-ed44-4283-b46d-0c4d1cbf194a,What was the Lease commitment in 2021?,r4c1,subject=2021；metric=2021；period=Lease Commitment；unit=thousand；scope=TAT-QA,1,1,"与官方 gold 一致；claim 与 fact 词元重合 {2021, commitment, lease}"
TAT-QA,train,87f701c5-ad4b-455e-9839-a87ce744df64,TAT-QA:87f701c5-ad4b-455e-9839-a87ce744df64,What is the annual base salary of Mr. Murphy in 2017 and 2018 respectively?,r7c2,"subject=Mr. Murphy (3)；metric=Mr. Murphy (3)；period=Annual Base Salary as of December 31, 2018；unit=；scope=TAT-QA",1,1,"与官方 gold 一致；claim 与 fact 词元重合 {2018, annual, base, mr, murphy, salary}"
TAT-QA,train,a10921c3-2206-4e1e-add7-4e5ff85b1d7f,TAT-QA:a10921c3-2206-4e1e-add7-4e5ff85b1d7f,What are the respective number of shares purchased in October and November 2019?,r1c1,"subject=October 1, 2019 - October 31, 2019；metric=October 1, 2019 - October 31, 2019；period=Total Number of Shares Purchased (1) (2)；unit=thousand；scope=TAT-QA",1,1,"与官方 gold 一致；claim 与 fact 词元重合 {2019, number, october, purchased, shares}"
TAT-QA,train,705438bd-2579-4b02-961b-eb2bef3fae1d,TAT-QA:705438bd-2579-4b02-961b-eb2bef3fae1d,What is the net sales of hardware in 2019 and 2018 respectively?,r2c2,subject=Hardware；metric=Hardware；period=；unit=thousand；scope=TAT-QA,1,1,与官方 gold 一致；claim 与 fact 词元重合 {hardware}；元数据缺字段：period
TAT-QA,train,89665c22-afef-4c45-b297-d2928a00b959,TAT-QA:89665c22-afef-4c45-b297-d2928a00b959,"What was the total operating income/loss from 2017 to 2019, respectively?",r12c3,subject=Total operating income (loss)；metric=Total operating income (loss)；period=；unit=；scope=TAT-QA,1,1,"与官方 gold 一致；claim 与 fact 词元重合 {income, loss, operating, total}；元数据缺字段：period"
TAT-QA,train,1fe3e1d6-7532-44e1-aa5d-cdbe604583bd,TAT-QA:1fe3e1d6-7532-44e1-aa5d-cdbe604583bd,How many shareholders have outstanding shares in the suspense account?,r5c1,"subject=Aggregate number of shareholders and the outstanding shares in the suspense account lying as on March 31, 2019；metric=Aggregate number of shareholders and the outstanding shares in the suspense account lying as on March 31, 2019；period=Number of shareholders；unit=；scope=TAT-QA",1,1,"与官方 gold 一致；claim 与 fact 词元重合 {account, outstanding, shareholders, shares, suspense}"
TAT-QA,train,3e0dfd8b-315f-4e8f-b349-3f6ad103f611,TAT-QA:3e0dfd8b-315f-4e8f-b349-3f6ad103f611,What is the useful life of land?,r4c1,subject=Land；metric=Land；period=Estimated Useful Lives；unit=；scope=TAT-QA,1,1,"与官方 gold 一致；claim 与 fact 词元重合 {land, useful}"
TAT-QA,train,d22dec82-2e7b-4422-bef4-a07dfe89ef8b,TAT-QA:d22dec82-2e7b-4422-bef4-a07dfe89ef8b,"What is the size of the Long Island, NY and Garden Grove, CA facilities respectively in sq ft?",r1c1,"subject=Long Island, NY；metric=Long Island, NY；period=Size (sq. ft.)；unit=；scope=TAT-QA",1,1,"与官方 gold 一致；claim 与 fact 词元重合 {ft, island, long, ny, size, sq}"
TAT-QA,train,61c55dc6-06c8-4968-8adb-90a467875fe0,TAT-QA:61c55dc6-06c8-4968-8adb-90a467875fe0,"How many of Garo H. Armen's options would expire on October 16, 2027?",r2c1,subject=Garo H. Armen (2)；metric=Garo H. Armen (2)；period=No. of Securities Underlying Unexercised Options (#) Exercisable No. of Securities Underlying Unexercised；unit=；scope=TAT-QA,1,1,"与官方 gold 一致；claim 与 fact 词元重合 {armen, garo, options}"
TAT-QA,train,73918ba9-6dc8-4064-ab40-9adcf16b4b3d,TAT-QA:73918ba9-6dc8-4064-ab40-9adcf16b4b3d,Which years does the table provide information for the company's Selected Consolidated Balance Sheet Data?,r1c1,subject=Selected Consolidated Balance Sheet Data:；metric=Selected Consolidated Balance Sheet Data:；period=；unit=；scope=TAT-QA,1,1,"与官方 gold 一致；claim 与 fact 词元重合 {balance, consolidated, data, selected, sheet}；元数据缺字段：period"
TAT-QA,train,2d13b7a3-848c-4d57-ba40-a55e6bb60864,TAT-QA:2d13b7a3-848c-4d57-ba40-a55e6bb60864,What are the respective share-based compensation for cost of revenues in 2018 and 2019?,r2c1,subject=Cost of revenues；metric=Cost of revenues；period=；unit=thousand；scope=TAT-QA,1,1,"与官方 gold 一致；claim 与 fact 词元重合 {cost, revenues}；元数据缺字段：period"
TAT-QA,train,58567520-c343-43fd-b803-bc078bb77c87,TAT-QA:58567520-c343-43fd-b803-bc078bb77c87,What was the amount of non-current assets in APJ in 2019?,r7c1,subject=APJ；metric=APJ；period=2019；unit=；scope=TAT-QA,1,1,"与官方 gold 一致；claim 与 fact 词元重合 {2019, apj}"
TAT-QA,train,5bb10fbf-231f-4266-8727-ace9ff7492c8,TAT-QA:5bb10fbf-231f-4266-8727-ace9ff7492c8,"What are the respective expected volatility of ESPP rights for the year ended December 31, 2018 and 2017?",r3c3,subject=Expected volatility；metric=Expected volatility；period=；unit=；scope=TAT-QA,1,1,"与官方 gold 一致；claim 与 fact 词元重合 {expected, volatility}；元数据缺字段：period"
TAT-QA,train,cdbfc2e3-1082-4a25-9324-2f0ba9e684e5,TAT-QA:cdbfc2e3-1082-4a25-9324-2f0ba9e684e5,What was the total value of non-current assets in 2019?,r4c2,subject=Total other assets - non-current；metric=Total other assets - non-current；period=30 June 2019 $'000；unit=；scope=TAT-QA,1,1,"与官方 gold 一致；claim 与 fact 词元重合 {2019, assets, current, non, total}"
TAT-QA,train,094181cb-546b-437e-a3c2-b77d205e4823,TAT-QA:094181cb-546b-437e-a3c2-b77d205e4823,What is the total revenues from Europe in 2019 and 2018 respectively?,r9c2,subject=Total Europe revenues；metric=Total Europe revenues；period=；unit=thousand；scope=TAT-QA,1,1,"与官方 gold 一致；claim 与 fact 词元重合 {europe, revenues, total}；元数据缺字段：period"
TAT-QA,train,9c0a2698-d8d9-40a5-8858-818bbbae2e20,TAT-QA:9c0a2698-d8d9-40a5-8858-818bbbae2e20,What was the expected life (years) in 2018?,r2c2,subject=Expected life (years)；metric=Expected life (years)；period=；unit=；scope=TAT-QA,1,1,"与官方 gold 一致；claim 与 fact 词元重合 {expected, life, years}；元数据缺字段：period"
TAT-QA,train,8f49def6-7c9b-4919-be12-b3a461fe3f71,TAT-QA:8f49def6-7c9b-4919-be12-b3a461fe3f71,What are the respective years that Nordic Apollo is built and delivered to NAT?,r4c3,subject=Nordic Cosmos；metric=Nordic Cosmos；period=Delivered to NAT in；unit=；scope=TAT-QA,1,1,"与官方 gold 一致；claim 与 fact 词元重合 {delivered, nat, nordic}"
TAT-QA,train,5416832e-7b00-454e-b5f1-a22dea0e456d,TAT-QA:5416832e-7b00-454e-b5f1-a22dea0e456d,"What are the Fiscal years, sorted in ascending order of Risk–free interest rate?",r1c2,"subject=；metric=；period=Year Ended June 30,；unit=；scope=TAT-QA",1,1,"与官方 gold 一致；答案单元格无字面重合，属 TAT-QA/FinQA 的推理型问答（需跨行计算），标签以官方 gold 为准；元数据缺字段：subject, metric"
TAT-QA,train,28a311c3-17fa-4a66-aca8-48b55c962212,TAT-QA:28a311c3-17fa-4a66-aca8-48b55c962212,In which year was Flextronics Technology less than 20.0%?,r2c3,subject=；metric=；period=；unit=；scope=TAT-QA,1,1,"与官方 gold 一致；答案单元格无字面重合，属 TAT-QA/FinQA 的推理型问答（需跨行计算），标签以官方 gold 为准；元数据缺字段：subject, metric, period"
TAT-QA,train,d246cebc-8f13-424b-a46c-7829f1c6f060,TAT-QA:d246cebc-8f13-424b-a46c-7829f1c6f060,What was the Stock compensation in 2018?,r9c2,subject=Stock compensation；metric=Stock compensation；period=；unit=；scope=TAT-QA,1,1,"与官方 gold 一致；claim 与 fact 词元重合 {compensation, stock}；元数据缺字段：period"
TAT-QA,train,e12a0712-0fcd-475e-8549-d3691d7c01f8,TAT-QA:e12a0712-0fcd-475e-8549-d3691d7c01f8,What is the total accrued liabilities as at 31 December 2018?,r5c2,"subject=Total accrued liabilities；metric=Total accrued liabilities；period=December 31, 2018；unit=thousand；scope=TAT-QA",1,1,"与官方 gold 一致；claim 与 fact 词元重合 {2018, 31, accrued, december, liabilities, total}"
TAT-QA,train,35a7e38e-4a38-4b2d-9b88-07e8af5f5316,TAT-QA:35a7e38e-4a38-4b2d-9b88-07e8af5f5316,What is the total derivate instruments for other liabilities?,r9c4,subject=Total derivative instruments .；metric=Total derivative instruments .；period=；unit=；scope=TAT-QA,1,1,"与官方 gold 一致；claim 与 fact 词元重合 {instruments, total}；元数据缺字段：period"
FinQA,train,JPM/2015/page_132.pdf-2,FinQA:JPM/2015/page_132.pdf-2,what was the percentage change in loans retained from 2014 to 2015?,r9c4,subject=total wholesale credit exposure；metric=total wholesale credit exposure；period=2014；unit=；scope=FinQA,0,1,与官方 gold 一致；claim 与 fact 词元重合 {2014}
FinQA,train,BLK/2012/page_32.pdf-2,FinQA:BLK/2012/page_32.pdf-2,what is the growth in aum was driven by net new business as a percentage of alternative component changes in alternatives from 12/31/2012?,r1c4,subject=core；metric=core；period=market /fx app ( dep )；unit=；scope=FinQA,0,1,与官方 gold 一致；负例由「与正例同行或同列」规则构造（见 convert_public_datasets.py 第 119 行），无字面重合符合难负例预期
FinQA,train,MAS/2012/page_92.pdf-2,FinQA:MAS/2012/page_92.pdf-2,what was the percentage change in the company's warranty liability from 2011 to 2012?,r1c2,subject=balance at january 1；metric=balance at january 1；period=2011；unit=；scope=FinQA,0,1,与官方 gold 一致；claim 与 fact 词元重合 {2011}
FinQA,train,C/2010/page_52.pdf-2,FinQA:C/2010/page_52.pdf-2,what percentage of revenue net of interest expense is due to non-interest revenue in 2010?,r6c5,subject=provision ( releases ) for unfunded lending commitments；metric=provision ( releases ) for unfunded lending commitments；period=% (  % ) change 2009 vs . 2008；unit=；scope=FinQA,0,1,与官方 gold 一致；负例由「与正例同行或同列」规则构造（见 convert_public_datasets.py 第 119 行），无字面重合符合难负例预期
FinQA,train,ORLY/2015/page_28.pdf-3,FinQA:ORLY/2015/page_28.pdf-3,how much greater was the five year return for the s&p 500 retail index compared to the s&p 500?,r1c2,"subject=o'reilly automotive inc .；metric=o'reilly automotive inc .；period=december 31 , 2011；unit=；scope=FinQA",0,1,与官方 gold 一致；负例由「与正例同行或同列」规则构造（见 convert_public_datasets.py 第 119 行），无字面重合符合难负例预期
FinQA,train,AMAT/2015/page_14.pdf-3,FinQA:AMAT/2015/page_14.pdf-3,what is the growth rate in silicon systems from 2014 to 2015?,r2c3,subject=applied global services；metric=applied global services；period=；unit=；scope=FinQA,0,1,与官方 gold 一致；负例由「与正例同行或同列」规则构造（见 convert_public_datasets.py 第 119 行），无字面重合符合难负例预期；元数据缺字段：period
FinQA,train,ECL/2017/page_57.pdf-1,FinQA:ECL/2017/page_57.pdf-1,what percent of the one-time transition tax is due in les than one year?,r6c1,subject=interest*；metric=interest*；period=total；unit=；scope=FinQA,0,1,与官方 gold 一致；负例由「与正例同行或同列」规则构造（见 convert_public_datasets.py 第 119 行），无字面重合符合难负例预期
FinQA,train,PKG/2009/page_63.pdf-3,FinQA:PKG/2009/page_63.pdf-3,what percentage of total minimum lease payments under non-cancelable operating leases with lease terms in excess of one year are due in 2012?,r4c1,subject=2013；metric=2013；period=( in thousands )；unit=；scope=FinQA,0,1,与官方 gold 一致；负例由「与正例同行或同列」规则构造（见 convert_public_datasets.py 第 119 行），无字面重合符合难负例预期
FinQA,train,JPM/2015/page_77.pdf-4,FinQA:JPM/2015/page_77.pdf-4,did jpmorgan chase outperform the s&p financial index?,r4c1,subject=s&p 500 index；metric=s&p 500 index；period=2010；unit=；scope=FinQA,0,1,与官方 gold 一致；claim 与 fact 词元重合 {index}
FinQA,train,ZBH/2007/page_54.pdf-2,FinQA:ZBH/2007/page_54.pdf-2,what percentage of total contractual obligations is operating leases?,r5c5,subject=other long-term liabilities；metric=other long-term liabilities；period=2013 and thereafter；unit=；scope=FinQA,0,1,与官方 gold 一致；负例由「与正例同行或同列」规则构造（见 convert_public_datasets.py 第 119 行），无字面重合符合难负例预期
FinQA,train,BLK/2015/page_123.pdf-1,FinQA:BLK/2015/page_123.pdf-1,what percent of the fair value is in the carrying value?,r6c1,subject=1.25% ( 1.25 % ) notes due 2025；metric=1.25% ( 1.25 % ) notes due 2025；period=maturityamount；unit=；scope=FinQA,0,1,与官方 gold 一致；负例由「与正例同行或同列」规则构造（见 convert_public_datasets.py 第 119 行），无字面重合符合难负例预期
FinQA,train,CE/2016/page_88.pdf-1,FinQA:CE/2016/page_88.pdf-1,"if the tax controversy from softer is resolved favorably , what would the gross assets acquired be , in millions?",r10c1,subject=total debt ( note 14 )；metric=total debt ( note 14 )；period=as ofdecember 1 2016 ( in $ millions )；unit=；scope=FinQA,0,1,与官方 gold 一致；claim 与 fact 词元重合 {millions}
FinQA,train,ADI/2010/page_50.pdf-2,FinQA:ADI/2010/page_50.pdf-2,what is the growth rate in the fair value of forward exchange contracts after a 10% ( 10 % ) unfavorable movement in foreign currency exchange rates asset from 2009 to 2010?,r3c1,subject=fair value of forward exchange contracts after a 10% ( 10 % ) favorable movement in foreign currency exchange rates liability；metric=fair value of forward exchange contracts after a 10% ( 10 % ) favorable movement in foreign currency exchange rates liability；period=october 30 2010；unit=；scope=FinQA,0,1,"与官方 gold 一致；claim 与 fact 词元重合 {10, 2010, after, contracts, currency, exchange}"
FinQA,train,AON/2015/page_43.pdf-3,FinQA:AON/2015/page_43.pdf-3,what was the percent of the change in the interest expense from 2014 to 2015,r6c2,subject=total ebitda；metric=total ebitda；period=2014；unit=；scope=FinQA,0,1,与官方 gold 一致；claim 与 fact 词元重合 {2014}
FinQA,train,ZBH/2013/page_46.pdf-1,FinQA:ZBH/2013/page_46.pdf-1,what is the percent change in contract terminations from 2011 to 2012?,r3c3,subject=employee severance and retention including share-based compensation acceleration；metric=employee severance and retention including share-based compensation acceleration；period=2011；unit=；scope=FinQA,0,1,与官方 gold 一致；claim 与 fact 词元重合 {2011}
FinQA,train,UNP/2010/page_30.pdf-2,FinQA:UNP/2010/page_30.pdf-2,"in millions , what is the average operating expenses from 2008-2010?",r1c1,subject=compensation and benefits；metric=compensation and benefits；period=2010；unit=；scope=FinQA,0,1,与官方 gold 一致；claim 与 fact 词元重合 {2010}
FinQA,train,DISCA/2013/page_45.pdf-1,FinQA:DISCA/2013/page_45.pdf-1,what was the difference in millions of international subscribers between discovery channel and animal planet?,r5c1,subject=discovery home & health；metric=discovery home & health；period=internationalsubscribers ( millions ) 271；unit=；scope=FinQA,0,1,"与官方 gold 一致；claim 与 fact 词元重合 {discovery, millions}"
FinQA,train,MRK/2013/page_116.pdf-1,FinQA:MRK/2013/page_116.pdf-1,"considering the years 2012 and 2013 , what is the increase observed in the service cost?",r6c2,subject=curtailments；metric=curtailments；period=pension benefits 2012；unit=；scope=FinQA,0,1,与官方 gold 一致；claim 与 fact 词元重合 {2012}
FinQA,train,IP/2018/page_83.pdf-3,FinQA:IP/2018/page_83.pdf-3,"considering the years 2016-2018 , what is the average value for settlements , in millions?",r7c2,subject=currency translation adjustment；metric=currency translation adjustment；period=2017；unit=；scope=FinQA,0,1,与官方 gold 一致；负例由「与正例同行或同列」规则构造（见 convert_public_datasets.py 第 119 行），无字面重合符合难负例预期
FinQA,train,AON/2015/page_50.pdf-3,FinQA:AON/2015/page_50.pdf-3,what was the ratio of the uk unrecognized actuarial gains and losses to the us in 2016,r2c2,subject=amortization period ( in years )；metric=amortization period ( in years )；period=u.s .；unit=；scope=FinQA,0,1,与官方 gold 一致；负例由「与正例同行或同列」规则构造（见 convert_public_datasets.py 第 119 行），无字面重合符合难负例预期
FinQA,train,RE/2010/page_138.pdf-2,FinQA:RE/2010/page_138.pdf-2,"in the 2010 , the company settled an audit agreement favorable . as a result of this favorable agreement , what might the balance be on december 1st?",r2c3,subject=additions based on tax positions related to the current year；metric=additions based on tax positions related to the current year；period=2008；unit=；scope=FinQA,0,1,与官方 gold 一致；负例由「与正例同行或同列」规则构造（见 convert_public_datasets.py 第 119 行），无字面重合符合难负例预期
FinQA,train,JPM/2010/page_187.pdf-2,FinQA:JPM/2010/page_187.pdf-2,what is the 2020 net derivative balance in billions?,r3c1,subject=trading liabilities 2013 debt and equity instruments ( a ) ( b )；metric=trading liabilities 2013 debt and equity instruments ( a ) ( b )；period=2010；unit=；scope=FinQA,0,1,与官方 gold 一致；负例由「与正例同行或同列」规则构造（见 convert_public_datasets.py 第 119 行），无字面重合符合难负例预期
FinQA,train,DISH/2008/page_120.pdf-1,FinQA:DISH/2008/page_120.pdf-1,what percentage of total assets acquired where comprised of goodwill?,r3c1,subject=other noncurrent assets ( 1 )；metric=other noncurrent assets ( 1 )；period=final purchase price allocation ( in thousands )；unit=；scope=FinQA,0,1,与官方 gold 一致；claim 与 fact 词元重合 {assets}
FinQA,train,PPG/2013/page_54.pdf-1,FinQA:PPG/2013/page_54.pdf-1,what is the average increase in the balance of unrecognized tax benefits from 2011 to 2013?,r7c2,subject=settlements；metric=settlements；period=2012；unit=；scope=FinQA,0,1,与官方 gold 一致；负例由「与正例同行或同列」规则构造（见 convert_public_datasets.py 第 119 行），无字面重合符合难负例预期
FinQA,train,IP/2005/page_32.pdf-1,FinQA:IP/2005/page_32.pdf-1,what percentage of capital spending from continuing operations was from the printing papers segment in 2005?,r5c2,subject=forest products；metric=forest products；period=2004；unit=；scope=FinQA,0,1,与官方 gold 一致；负例由「与正例同行或同列」规则构造（见 convert_public_datasets.py 第 119 行），无字面重合符合难负例预期
TAT-QA,train,fd8692c9-a0e8-4331-a250-7ffe56924439,TAT-QA:fd8692c9-a0e8-4331-a250-7ffe56924439,What is the maximum estimated future payouts under the 2019 NEO plan for Barry Litwin and Thomas Clark?,r1c4,subject=；metric=；period=；unit=；scope=TAT-QA,0,1,"与官方 gold 一致；负例由「与正例同行或同列」规则构造（见 convert_public_datasets.py 第 119 行），无字面重合符合难负例预期；元数据缺字段：subject, metric, period"
TAT-QA,train,e659be0d-5b27-416d-af21-247b44030d76,TAT-QA:e659be0d-5b27-416d-af21-247b44030d76,What was the expected life (in years) for 2019?,r1c1,subject=；metric=；period=；unit=；scope=TAT-QA,0,1,"与官方 gold 一致；负例由「与正例同行或同列」规则构造（见 convert_public_datasets.py 第 119 行），无字面重合符合难负例预期；元数据缺字段：subject, metric, period"
TAT-QA,train,0d024079-70bd-4818-a482-6cf417439055,TAT-QA:0d024079-70bd-4818-a482-6cf417439055,In which year was the percentage of industrial solutions the lowest in?,r1c1,subject=；metric=；period=；unit=；scope=TAT-QA,0,1,"与官方 gold 一致；负例由「与正例同行或同列」规则构造（见 convert_public_datasets.py 第 119 行），无字面重合符合难负例预期；元数据缺字段：subject, metric, period"
TAT-QA,train,f38c0657-8aec-4603-8941-90571fcb8500,TAT-QA:f38c0657-8aec-4603-8941-90571fcb8500,What are the years included in the table?,r8c1,subject=Operating profit before exceptional item；metric=Operating profit before exceptional item；period=；unit=；scope=TAT-QA,0,1,与官方 gold 一致；负例由「与正例同行或同列」规则构造（见 convert_public_datasets.py 第 119 行），无字面重合符合难负例预期；元数据缺字段：period
TAT-QA,train,bf654ee6-5db0-428c-9ccf-911c6eb61bef,TAT-QA:bf654ee6-5db0-428c-9ccf-911c6eb61bef,"What is the total liabilities for all levels as of December 31, 2018?",r12c1,"subject=December 31, 2018；metric=December 31, 2018；period=；unit=；scope=TAT-QA",0,1,"与官方 gold 一致；claim 与 fact 词元重合 {2018, 31, december}；元数据缺字段：period"
TAT-QA,train,061794d8-895f-4f38-ba0a-9315e571c6bf,TAT-QA:061794d8-895f-4f38-ba0a-9315e571c6bf,In which year is the percentage of net revenue the lowest?,r3c1,subject=Net revenue；metric=Net revenue；period=；unit=；scope=TAT-QA,0,1,"与官方 gold 一致；claim 与 fact 词元重合 {net, revenue}；元数据缺字段：period"
TAT-QA,train,6b781893-49ae-4030-b80d-eebc60d4c04d,TAT-QA:6b781893-49ae-4030-b80d-eebc60d4c04d,How much is the 2018 debt securities?,r4c1,subject=Debt securities2；metric=Debt securities2；period=2019；unit=；scope=TAT-QA,0,1,与官方 gold 一致；claim 与 fact 词元重合 {debt}
TAT-QA,train,84bfc711-4391-4ad5-aeb1-6a9e8808e316,TAT-QA:84bfc711-4391-4ad5-aeb1-6a9e8808e316,What were the total assets in 2019?,r1c4,subject=；metric=；period=；unit=；scope=TAT-QA,0,0,"冲突：同一 fact_id r1c4 在同组内也被标为正例；元数据缺字段：subject, metric, period"
TAT-QA,train,e0689072-72ba-4979-962a-bb128539defb,TAT-QA:e0689072-72ba-4979-962a-bb128539defb,What is the EPRA NAV in 2018?,r11c1,subject=EPRA NAV；metric=EPRA NAV；period=Notes；unit=million；scope=TAT-QA,0,1,"与官方 gold 一致；claim 与 fact 词元重合 {epra, nav}"
TAT-QA,train,27f38a5f-25ad-4dab-9ba4-c34ed1e7b462,TAT-QA:27f38a5f-25ad-4dab-9ba4-c34ed1e7b462,"What is the Statutory U.S. Federal tax for 2019, 2018 and 2017 respectively?",r2c1,"subject=Differences due to:；metric=Differences due to:；period=December 27, 2019 ；unit=；scope=TAT-QA",0,1,与官方 gold 一致；claim 与 fact 词元重合 {2019}
TAT-QA,train,e45b43f0-d568-478b-80c0-8098a4ffdf48,TAT-QA:e45b43f0-d568-478b-80c0-8098a4ffdf48,What was the operating income as reported?,r6c1,subject=Income tax expense；metric=Income tax expense；period=Fiscal Year Ended；unit=；scope=TAT-QA,0,1,与官方 gold 一致；claim 与 fact 词元重合 {income}
TAT-QA,train,ba89db40-c647-47b0-ba10-348477da8820,TAT-QA:ba89db40-c647-47b0-ba10-348477da8820,"In which year was cash and restricted cash less than 400,000 million?",r3c1,"subject=Cash and restricted cash；metric=Cash and restricted cash；period=As at December 31,；unit=；scope=TAT-QA",0,1,"与官方 gold 一致；claim 与 fact 词元重合 {cash, restricted}"
TAT-QA,train,1f6dd6b6-9a7a-43b0-95a2-57940c36af47,TAT-QA:1f6dd6b6-9a7a-43b0-95a2-57940c36af47,What was the Revolving credit facility in 2019?,r4c1,"subject=5.750% Senior Notes, due August 2026；metric=5.750% Senior Notes, due August 2026；period=December 31,；unit=thousand；scope=TAT-QA",0,1,与官方 gold 一致；负例由「与正例同行或同列」规则构造（见 convert_public_datasets.py 第 119 行），无字面重合符合难负例预期
TAT-QA,train,59ee6792-ddc9-4963-a2bd-cd15e6a13703,TAT-QA:59ee6792-ddc9-4963-a2bd-cd15e6a13703,What was the Repairs and maintenance costs in 2019?,r9c3,"subject=Income tax payments (refunds), net；metric=Income tax payments (refunds), net；period=；unit=million；scope=TAT-QA",0,1,与官方 gold 一致；负例由「与正例同行或同列」规则构造（见 convert_public_datasets.py 第 119 行），无字面重合符合难负例预期；元数据缺字段：period
TAT-QA,train,cddd1b02-e083-46c5-b8e4-dbfae0965e6e,TAT-QA:cddd1b02-e083-46c5-b8e4-dbfae0965e6e,What was the total amortized cost of corporate bonds?,r8c2,subject=Corporate bonds；metric=Corporate bonds；period=Unrealized Gains；unit=；scope=TAT-QA,0,1,"与官方 gold 一致；claim 与 fact 词元重合 {bonds, corporate}"
TAT-QA,train,e0318fa5-348a-4a8e-aa74-b99dc017cac3,TAT-QA:e0318fa5-348a-4a8e-aa74-b99dc017cac3,What is the  Translation reserve at the beginning of 2019?,r4c1,subject=Cash flow hedges reserve；metric=Cash flow hedges reserve；period=1st January 2019；unit=million；scope=TAT-QA,0,1,"与官方 gold 一致；claim 与 fact 词元重合 {2019, reserve}"
TAT-QA,train,728b8de8-edab-43d7-bf1c-bc7964a159f8,TAT-QA:728b8de8-edab-43d7-bf1c-bc7964a159f8,What was the net income per basic share in 2018?,r25c2,subject=Total stockholders’ equity .；metric=Total stockholders’ equity .；period=；unit=；scope=TAT-QA,0,1,与官方 gold 一致；负例由「与正例同行或同列」规则构造（见 convert_public_datasets.py 第 119 行），无字面重合符合难负例预期；元数据缺字段：period
TAT-QA,train,8f49def6-7c9b-4919-be12-b3a461fe3f71,TAT-QA:8f49def6-7c9b-4919-be12-b3a461fe3f71,What are the respective years that Nordic Moon is built and delivered to NAT?,r19c1,subject=Nordic Star；metric=Nordic Star；period=Built in；unit=；scope=TAT-QA,0,1,"与官方 gold 一致；claim 与 fact 词元重合 {built, nordic}"
TAT-QA,train,6ac26af4-8a49-48ae-ad9f-f1cfc5300a4a,TAT-QA:6ac26af4-8a49-48ae-ad9f-f1cfc5300a4a,How much is the 2018 other payables included within non-current liabilities?,r1c2,subject=；metric=；period=2018；unit=；scope=TAT-QA,0,1,"与官方 gold 一致；claim 与 fact 词元重合 {2018}；元数据缺字段：subject, metric"
TAT-QA,train,cbf0aeb3-509c-4859-98e2-8b9037f1aa03,TAT-QA:cbf0aeb3-509c-4859-98e2-8b9037f1aa03,Where was receivables from related parties included in?,r9c3,"subject=Interest expense, net；metric=Interest expense, net；period=Year ended December 31, 2017；unit=；scope=TAT-QA",0,1,与官方 gold 一致；负例由「与正例同行或同列」规则构造（见 convert_public_datasets.py 第 119 行），无字面重合符合难负例预期
TAT-QA,train,e8a69aae-7654-4f56-a3e0-3d31a73733cd,TAT-QA:e8a69aae-7654-4f56-a3e0-3d31a73733cd,What are the respective gross profit from operations in 2018 and 2019 respectively?,r12c1,subject=Income (loss) before income taxes；metric=Income (loss) before income taxes；period=；unit=million；scope=TAT-QA,0,1,与官方 gold 一致；负例由「与正例同行或同列」规则构造（见 convert_public_datasets.py 第 119 行），无字面重合符合难负例预期；元数据缺字段：period
TAT-QA,train,b63bb9a4-feb8-4541-9a23-7f30dfeb7632,TAT-QA:b63bb9a4-feb8-4541-9a23-7f30dfeb7632,What was the total current assets as previously reported?,r5c3,subject=Total assets；metric=Total assets；period=；unit=；scope=TAT-QA,0,1,"与官方 gold 一致；claim 与 fact 词元重合 {assets, total}；元数据缺字段：period"
TAT-QA,train,807f645e-a90c-44a1-858a-17ec90b5900b,TAT-QA:807f645e-a90c-44a1-858a-17ec90b5900b,What was the net loss attributable to Neonode Inc. in 2018 and 2019?,r3c1,"subject=Weighted average number of common shares outstanding；metric=Weighted average number of common shares outstanding；period=Years ended December 31,；unit=；scope=TAT-QA",0,1,与官方 gold 一致；负例由「与正例同行或同列」规则构造（见 convert_public_datasets.py 第 119 行），无字面重合符合难负例预期
TAT-QA,train,b0eadc0e-413f-440f-8787-c860d7642a31,TAT-QA:b0eadc0e-413f-440f-8787-c860d7642a31,"In which year was revenue less than 100,000 thousands?",r4c5,subject=Cost of revenue(1)；metric=Cost of revenue(1)；period=；unit=thousand；scope=TAT-QA,0,1,与官方 gold 一致；claim 与 fact 词元重合 {revenue}；元数据缺字段：period
TAT-QA,train,440d606b-7295-4880-b6be-fb4d8e00d936,TAT-QA:440d606b-7295-4880-b6be-fb4d8e00d936,In which years was total equity calculated?,r9c4,subject=Profit attributable to owners of parent；metric=Profit attributable to owners of parent；period=；unit=；scope=TAT-QA,0,1,与官方 gold 一致；负例由「与正例同行或同列」规则构造（见 convert_public_datasets.py 第 119 行），无字面重合符合难负例预期；元数据缺字段：period
FinQA,train,SNA/2013/page_111.pdf-1,FinQA:SNA/2013/page_111.pdf-1,what is the percentage change in the number of non-vested performance awards from 2012 to 2013?,r5c2,subject=non-vested performance awards at end of year；metric=non-vested performance awards at end of year；period=fair valueprice pershare*；unit=；scope=FinQA,1,1,"与官方 gold 一致；claim 与 fact 词元重合 {awards, non, performance, vested}"
FinQA,train,BLK/2010/page_46.pdf-4,FinQA:BLK/2010/page_46.pdf-4,what is the net change in non-operating income from 2008 to 2009?,r3c1,"subject=non-operating income ( expense ) ( 1 )；metric=non-operating income ( expense ) ( 1 )；period=yearended december 31 , 2010；unit=；scope=FinQA",1,1,"与官方 gold 一致；claim 与 fact 词元重合 {income, non, operating}"
FinQA,train,UPS/2014/page_35.pdf-4,FinQA:UPS/2014/page_35.pdf-4,what was the percentage cumulative total shareowners 2019 returns for united parcel service inc . for the five years ended 12/31/2014?,r1c6,subject=united parcel service inc .；metric=united parcel service inc .；period=12/31/2014；unit=；scope=FinQA,1,1,"与官方 gold 一致；claim 与 fact 词元重合 {12, 2014, 31, inc, parcel, service}"
FinQA,train,IP/2013/page_101.pdf-4,FinQA:IP/2013/page_101.pdf-4,what was the ratio of the lease obligations to purchase obligations,r1c5,subject=lease obligations；metric=lease obligations；period=2018；unit=；scope=FinQA,1,1,"与官方 gold 一致；claim 与 fact 词元重合 {lease, obligations}"
FinQA,train,UNP/2018/page_21.pdf-3,FinQA:UNP/2018/page_21.pdf-3,what percentage of the total number of shares purchased where purchased in november?,r4c2,subject=total；metric=total；period=average price paid per share；unit=；scope=FinQA,1,1,与官方 gold 一致；claim 与 fact 词元重合 {total}
FinQA,train,PNC/2018/page_45.pdf-4,FinQA:PNC/2018/page_45.pdf-4,what total percentage of total shares were purchased in november and december?,r4c2,subject=total；metric=total；period=average price paid per share；unit=；scope=FinQA,1,1,与官方 gold 一致；claim 与 fact 词元重合 {total}
FinQA,train,MRO/2009/page_35.pdf-4,FinQA:MRO/2009/page_35.pdf-4,what percentage of refined product sales consisted of asphalt in 2009?,r7c2,subject=total；metric=total；period=2008；unit=；scope=FinQA,1,1,与官方 gold 一致；答案单元格无字面重合，属 TAT-QA/FinQA 的推理型问答（需跨行计算），标签以官方 gold 为准
FinQA,train,CDW/2013/page_36.pdf-2,FinQA:CDW/2013/page_36.pdf-2,what was the 2012 effective tax rate?,r3c2,"subject=income tax expense ( benefit )；metric=income tax expense ( benefit )；period=years ended december 31 , 2012；unit=；scope=FinQA",1,1,"与官方 gold 一致；claim 与 fact 词元重合 {2012, tax}"
FinQA,train,APD/2015/page_100.pdf-1,FinQA:APD/2015/page_100.pdf-1,"considering the years 2021-2025 , what is the difference between the average projected benefit payments for the u.s . and international?",r6c2,subject=2021 20132025；metric=2021 20132025；period=international；unit=；scope=FinQA,1,1,"与官方 gold 一致；claim 与 fact 词元重合 {2021, international}"
FinQA,train,KIM/2014/page_131.pdf-2,FinQA:KIM/2014/page_131.pdf-2,what is the net change in the balance unrecognized tax benefits in 2013?,r1c2,subject=balance beginning of year；metric=balance beginning of year；period=2013；unit=；scope=FinQA,1,1,"与官方 gold 一致；claim 与 fact 词元重合 {2013, balance}"
FinQA,train,BLK/2016/page_75.pdf-2,FinQA:BLK/2016/page_75.pdf-2,what is the net income in 2016?,r4c1,subject=income tax expense；metric=income tax expense；period=gaap 2016；unit=；scope=FinQA,1,1,"与官方 gold 一致；claim 与 fact 词元重合 {2016, income}"
FinQA,train,UAA/2018/page_40.pdf-1,FinQA:UAA/2018/page_40.pdf-1,what was connected fitness as a percentage of total net revenue in 2018?,r6c2,"subject=connected fitness；metric=connected fitness；period=year ended december 31 , 2017；unit=；scope=FinQA",1,1,"与官方 gold 一致；claim 与 fact 词元重合 {connected, fitness}"
FinQA,train,HIG/2011/page_184.pdf-1,FinQA:HIG/2011/page_184.pdf-1,in 2011 what was the percent of the total collateral loaned securities and derivative instruments collateral pledged that was associated with short-term investments,r3c1,subject=total collateral pledged；metric=total collateral pledged；period=december 31 2011；unit=；scope=FinQA,1,1,"与官方 gold 一致；claim 与 fact 词元重合 {2011, collateral, pledged, total}"
FinQA,train,INTC/2016/page_33.pdf-1,FinQA:INTC/2016/page_33.pdf-1,"as of december 31 , 2016 what percentage by square feet of major facilities are owned?",r3c1,subject=total facilities；metric=total facilities；period=unitedstates；unit=；scope=FinQA,1,1,与官方 gold 一致；claim 与 fact 词元重合 {facilities}
FinQA,train,GPN/2016/page_83.pdf-3,FinQA:GPN/2016/page_83.pdf-3,how much percent did the income tax benefit increase from 2014 to 2016?,r2c2,subject=income tax benefit；metric=income tax benefit；period=2015 ( in thousands )；unit=；scope=FinQA,1,1,"与官方 gold 一致；claim 与 fact 词元重合 {benefit, income, tax}"
FinQA,train,AMT/2015/page_58.pdf-2,FinQA:AMT/2015/page_58.pdf-2,what is the total number of sites acquired and constructed during 2014?,r1c3,subject=u.s .；metric=u.s .；period=2013；unit=；scope=FinQA,1,1,与官方 gold 一致；答案单元格无字面重合，属 TAT-QA/FinQA 的推理型问答（需跨行计算），标签以官方 gold 为准
FinQA,train,INTC/2016/page_100.pdf-2,FinQA:INTC/2016/page_100.pdf-2,what is the net change in accumulated other comprehensive income during 2016?,r11c4,subject=december 31 2016；metric=december 31 2016；period=prior service credits ( costs )；unit=；scope=FinQA,1,1,与官方 gold 一致；claim 与 fact 词元重合 {2016}
FinQA,train,PNC/2009/page_51.pdf-2,FinQA:PNC/2009/page_51.pdf-2,"what was the increase in level 3 assets between december 31 2009 and december 31 2008 , in millions?",r2c5,subject=december 31 2008；metric=december 31 2008；period=% (  % ) of consolidated assets；unit=；scope=FinQA,1,1,"与官方 gold 一致；claim 与 fact 词元重合 {2008, 31, assets, december}"
FinQA,train,RE/2010/page_42.pdf-4,FinQA:RE/2010/page_42.pdf-4,what is the percent change in pre tax catastrophe losses between 2007 and 2008?,r4c1,subject=2008；metric=2008；period=pre-tax catastrophe losses；unit=；scope=FinQA,1,1,"与官方 gold 一致；claim 与 fact 词元重合 {2008, catastrophe, losses, pre, tax}"
FinQA,train,AON/2018/page_90.pdf-3,FinQA:AON/2018/page_90.pdf-3,"considering the years 2016-2018 , what is the average expense for the significant plans in the u.s.?",r1c2,subject=u.s .；metric=u.s .；period=2017；unit=；scope=FinQA,1,1,与官方 gold 一致；答案单元格无字面重合，属 TAT-QA/FinQA 的推理型问答（需跨行计算），标签以官方 gold 为准
FinQA,train,ETR/2008/page_187.pdf-1,FinQA:ETR/2008/page_187.pdf-1,what is the assumed debt to acquired asset ratio?,r4c1,subject=total assets acquired；metric=total assets acquired；period=amount ( in millions )；unit=；scope=FinQA,1,1,与官方 gold 一致；claim 与 fact 词元重合 {acquired}
FinQA,train,UNP/2014/page_41.pdf-1,FinQA:UNP/2014/page_41.pdf-1,what percentage of the total commercial commitments is credit facilities?,r1c6,subject=credit facilities [a]；metric=credit facilities [a]；period=amount of commitment expiration per period 2019；unit=；scope=FinQA,1,1,"与官方 gold 一致；claim 与 fact 词元重合 {credit, facilities}"
FinQA,train,UNP/2010/page_79.pdf-2,FinQA:UNP/2010/page_79.pdf-2,in 2010 what was the percent of the total minimum lease payments due in 2014,r2c2,subject=2012；metric=2012；period=capitalleases；unit=；scope=FinQA,1,1,与官方 gold 一致；答案单元格无字面重合，属 TAT-QA/FinQA 的推理型问答（需跨行计算），标签以官方 gold 为准
FinQA,train,AES/2002/page_60.pdf-2,FinQA:AES/2002/page_60.pdf-2,what was the change in the competitive supply percentage of revenues from 2001 to 2002?,r4c2,subject=competitive supply；metric=competitive supply；period=2001；unit=；scope=FinQA,1,1,"与官方 gold 一致；claim 与 fact 词元重合 {2001, competitive, supply}"
FinQA,train,PKG/2005/page_27.pdf-2,FinQA:PKG/2005/page_27.pdf-2,what was the effective tax rate for pca in 2005?,r4c3,subject=income before taxes；metric=income before taxes；period=change；unit=；scope=FinQA,1,1,与官方 gold 一致；答案单元格无字面重合，属 TAT-QA/FinQA 的推理型问答（需跨行计算），标签以官方 gold 为准
FinQA,dev,RSG/2015/page_126.pdf-1,FinQA:RSG/2015/page_126.pdf-1,"as of december 31 , 2015 what was the percentage decline in the gross unrecognized tax benefits from 2014 to 2015",r4c3,subject=reductions for tax positions of prior years；metric=reductions for tax positions of prior years；period=2013；unit=；scope=FinQA,0,1,与官方 gold 一致；claim 与 fact 词元重合 {tax}
FinQA,dev,DRE/2013/page_39.pdf-1,FinQA:DRE/2013/page_39.pdf-1,in 2012 what was the percent of the total second generation capital expenditures by reportable operating segment that was office related,r1c1,subject=industrial；metric=industrial；period=2013；unit=；scope=FinQA,0,1,与官方 gold 一致；负例由「与正例同行或同列」规则构造（见 convert_public_datasets.py 第 119 行），无字面重合符合难负例预期
FinQA,dev,VNO/2012/page_84.pdf-1,FinQA:VNO/2012/page_84.pdf-1,what was the total five year change in the nareit all equity index?,r1c6,subject=vornado realty trust；metric=vornado realty trust；period=2012；unit=；scope=FinQA,0,1,与官方 gold 一致；负例由「与正例同行或同列」规则构造（见 convert_public_datasets.py 第 119 行），无字面重合符合难负例预期
FinQA,dev,JKHY/2014/page_30.pdf-1,FinQA:JKHY/2014/page_30.pdf-1,what was the cumulative total return on the s & p 500 for the five year period?,r2c6,subject=old peer group；metric=old peer group；period=2014；unit=；scope=FinQA,0,1,与官方 gold 一致；负例由「与正例同行或同列」规则构造（见 convert_public_datasets.py 第 119 行），无字面重合符合难负例预期
FinQA,dev,UPS/2006/page_32.pdf-3,FinQA:UPS/2006/page_32.pdf-3,"for the five years ended 12/31/2006 what is the performance difference of the class b common stock of united parcel service , inc . and the s&p 500 index?",r3c4,subject=dow jones transportation average；metric=dow jones transportation average；period=12/31/04；unit=；scope=FinQA,0,1,"与官方 gold 一致；claim 与 fact 词元重合 {12, 31}"
FinQA,dev,AES/2016/page_191.pdf-1,FinQA:AES/2016/page_191.pdf-1,what was the percentage change in the unrecognized tax benefits from 2014 to 2015?,r4c1,subject=reductions for tax positions of prior years；metric=reductions for tax positions of prior years；period=2016；unit=；scope=FinQA,0,1,与官方 gold 一致；claim 与 fact 词元重合 {tax}
FinQA,dev,BLK/2014/page_119.pdf-1,FinQA:BLK/2014/page_119.pdf-1,what percent higher is fair value than carrying value?,r5c2,subject=3.375% ( 3.375 % ) notes due 2022；metric=3.375% ( 3.375 % ) notes due 2022；period=unamortized discount；unit=；scope=FinQA,0,1,与官方 gold 一致；负例由「与正例同行或同列」规则构造（见 convert_public_datasets.py 第 119 行），无字面重合符合难负例预期
FinQA,dev,SNA/2012/page_33.pdf-3,FinQA:SNA/2012/page_33.pdf-3,what was the ratio of the snap-on 2019s performance to that of the standard & poor 2019s 500 stock index in 2012,r2c1,subject=december 31 2008；metric=december 31 2008；period=snap-onincorporated；unit=；scope=FinQA,0,1,与官方 gold 一致；claim 与 fact 词元重合 {snap}
FinQA,dev,JPM/2008/page_85.pdf-3,FinQA:JPM/2008/page_85.pdf-3,what was jpmorgan chase & co's common equity tier 1 ( cet1 ) ratio in 2008?,r5c2,subject=total adjusted average assets；metric=total adjusted average assets；period=2007；unit=；scope=FinQA,0,1,与官方 gold 一致；负例由「与正例同行或同列」规则构造（见 convert_public_datasets.py 第 119 行），无字面重合符合难负例预期
FinQA,dev,SPGI/2015/page_57.pdf-1,FinQA:SPGI/2015/page_57.pdf-1,what was the net equity in the assets acquired,r8c1,subject=other intangible assets net；metric=other intangible assets net；period=$ 23；unit=；scope=FinQA,0,1,"与官方 gold 一致；claim 与 fact 词元重合 {assets, net}"
FinQA,dev,INTC/2013/page_33.pdf-3,FinQA:INTC/2013/page_33.pdf-3,what was the percentage change in diluted earnings per common share december 29 2012 and december 28 2013?,r3c3,subject=gross margin percentage；metric=gross margin percentage；period=three months ended change；unit=；scope=FinQA,0,1,"与官方 gold 一致；claim 与 fact 词元重合 {change, percentage}"
FinQA,dev,APD/2018/page_59.pdf-1,FinQA:APD/2018/page_59.pdf-1,"considering the fair market value of plan assets in 2018 , what is its estimated return for 10 years?",r2c1,subject=settlements termination benefits and curtailments ( included above )；metric=settlements termination benefits and curtailments ( included above )；period=2018；unit=；scope=FinQA,0,1,与官方 gold 一致；claim 与 fact 词元重合 {2018}
FinQA,dev,LMT/2016/page_48.pdf-3,FinQA:LMT/2016/page_48.pdf-3,what was the profit margin in 2014 for the aeronautics business segment,r3c2,subject=operating margin；metric=operating margin；period=2015；unit=；scope=FinQA,0,1,与官方 gold 一致；claim 与 fact 词元重合 {margin}
FinQA,dev,AOS/2004/page_11.pdf-1,FinQA:AOS/2004/page_11.pdf-1,what percentage of total aggregate contractual obligations is due to long-term debt?,r4c4,subject=purchase obligations；metric=purchase obligations；period=( dollars in millions ) 3 - 5 years；unit=；scope=FinQA,0,1,与官方 gold 一致；claim 与 fact 词元重合 {obligations}
FinQA,dev,IPG/2008/page_62.pdf-3,FinQA:IPG/2008/page_62.pdf-3,"what is the change in the balance of liability for restructuring 2003 program from 2006 to 2008 , ( in millions ) ?",r2c4,subject=net charges ( reversals ) and adjustments；metric=net charges ( reversals ) and adjustments；period=total；unit=；scope=FinQA,0,1,与官方 gold 一致；负例由「与正例同行或同列」规则构造（见 convert_public_datasets.py 第 119 行），无字面重合符合难负例预期
FinQA,dev,JPM/2007/page_33.pdf-1,FinQA:JPM/2007/page_33.pdf-1,what was the percentage change in investment banking fees from 2005 to 2006?,r5c3,subject=securities gains ( losses )；metric=securities gains ( losses )；period=2005；unit=；scope=FinQA,0,1,与官方 gold 一致；claim 与 fact 词元重合 {2005}
FinQA,dev,IPG/2008/page_21.pdf-3,FinQA:IPG/2008/page_21.pdf-3,what was the average price per share from november to december?,r1c2,subject=october 1-31；metric=october 1-31；period=average price paid per share2；unit=；scope=FinQA,0,1,"与官方 gold 一致；claim 与 fact 词元重合 {average, per, price}"
FinQA,dev,APD/2013/page_40.pdf-1,FinQA:APD/2013/page_40.pdf-1,"considering the years 2011-2013 , what is the average capital expenditure on a gaap basis?",r1c1,subject=additions to plant and equipment；metric=additions to plant and equipment；period=2013；unit=；scope=FinQA,0,1,与官方 gold 一致；claim 与 fact 词元重合 {2013}
FinQA,dev,FBHS/2017/page_43.pdf-1,FinQA:FBHS/2017/page_43.pdf-1,what was the percentage growth in the defined benefit plan income from 2016 to 2017,r3c2,subject=defined benefit plan recognition of actuarial gains ( losses )；metric=defined benefit plan recognition of actuarial gains ( losses )；period=2016；unit=；scope=FinQA,0,1,"与官方 gold 一致；claim 与 fact 词元重合 {2016, benefit, defined, plan}"
FinQA,dev,VNO/2012/page_84.pdf-1,FinQA:VNO/2012/page_84.pdf-1,what was the total five year change in the nareit all equity index?,r1c5,subject=vornado realty trust；metric=vornado realty trust；period=2011；unit=；scope=FinQA,0,1,与官方 gold 一致；负例由「与正例同行或同列」规则构造（见 convert_public_datasets.py 第 119 行），无字面重合符合难负例预期
FinQA,dev,ABMD/2006/page_75.pdf-1,FinQA:ABMD/2006/page_75.pdf-1,what is the decline from current future minimum lease payments and the following years expected obligation?\\n,r5c1,subject=total future minimum lease payments；metric=total future minimum lease payments；period=operating leases；unit=；scope=FinQA,0,1,"与官方 gold 一致；claim 与 fact 词元重合 {future, lease, minimum, payments}"
FinQA,dev,APD/2019/page_31.pdf-1,FinQA:APD/2019/page_31.pdf-1,"considering the year 2019 , what is the contribution of the first quarter in the total dividend?",r4c1,subject=fourth quarter；metric=fourth quarter；period=2019；unit=；scope=FinQA,0,1,"与官方 gold 一致；claim 与 fact 词元重合 {2019, quarter}"
FinQA,dev,MRO/2007/page_134.pdf-1,FinQA:MRO/2007/page_134.pdf-1,by how much did the weighted average exercise price per share increase from 2005 to 2007?,r4c1,subject=expected volatility；metric=expected volatility；period=2007；unit=；scope=FinQA,0,1,与官方 gold 一致；claim 与 fact 词元重合 {2007}
FinQA,dev,PNC/2009/page_46.pdf-2,FinQA:PNC/2009/page_46.pdf-2,share of total securities rated bbb/baa or below changed by how many percentage point between 2008 and 2009?,r2c1,subject=aa/aa；metric=aa/aa；period=december 31 2009；unit=；scope=FinQA,0,1,与官方 gold 一致；claim 与 fact 词元重合 {2009}
FinQA,dev,AES/2016/page_191.pdf-3,FinQA:AES/2016/page_191.pdf-3,"for the period ending in 2016 , what was the average amount of settlements , in millions?",r8c3,subject=balance at december 31；metric=balance at december 31；period=2014；unit=；scope=FinQA,0,1,与官方 gold 一致；负例由「与正例同行或同列」规则构造（见 convert_public_datasets.py 第 119 行），无字面重合符合难负例预期
TAT-QA,dev,ed99123e-63a3-4238-addd-9c692afe3a05,TAT-QA:ed99123e-63a3-4238-addd-9c692afe3a05,"What was the income tax expense in 2019, 2018 and 2017 respectively?",r2c1,subject=Income Statement Data:；metric=Income Statement Data:；period=；unit=；scope=TAT-QA,0,1,与官方 gold 一致；claim 与 fact 词元重合 {income}；元数据缺字段：period
TAT-QA,dev,4e94f70f-b7e3-453e-ae92-846768589e75,TAT-QA:4e94f70f-b7e3-453e-ae92-846768589e75,How much did Hotels sales increased by in F19?,r3c4,subject=EBITDA；metric=EBITDA；period=；unit=；scope=TAT-QA,0,1,与官方 gold 一致；负例由「与正例同行或同列」规则构造（见 convert_public_datasets.py 第 119 行），无字面重合符合难负例预期；元数据缺字段：period
TAT-QA,dev,fa0d7378-4217-44f1-bfb0-38688f03bdf3,TAT-QA:fa0d7378-4217-44f1-bfb0-38688f03bdf3,Which years does the table provide information for the unaudited pro-forma consolidated results of operations? ,r4c1,"subject=Basic net income (loss) per common share；metric=Basic net income (loss) per common share；period=Year Ended March 31,；unit=；scope=TAT-QA",0,1,与官方 gold 一致；负例由「与正例同行或同列」规则构造（见 convert_public_datasets.py 第 119 行），无字面重合符合难负例预期
TAT-QA,dev,9e0ae25d-0080-4fb6-8396-db61af489520,TAT-QA:9e0ae25d-0080-4fb6-8396-db61af489520,What was the Net decrease in cash and cash equivalents in 2019?,r3c3,subject=Net decrease in cash and cash equivalents；metric=Net decrease in cash and cash equivalents；period=；unit=million；scope=TAT-QA,0,1,"与官方 gold 一致；claim 与 fact 词元重合 {cash, decrease, equivalents, net}；元数据缺字段：period"
TAT-QA,dev,577a9bb6-6158-41aa-b2ec-1a3dd5cdfa06,TAT-QA:577a9bb6-6158-41aa-b2ec-1a3dd5cdfa06,"What is the Non-cash charges for fiscal years 2019, 2018 and 2017 respectively?",r5c1,subject=Cash provided by operating activities；metric=Cash provided by operating activities；period=；unit=thousand；scope=TAT-QA,0,1,与官方 gold 一致；claim 与 fact 词元重合 {cash}；元数据缺字段：period
TAT-QA,dev,53eec737-630e-4915-afbb-8c20cdd01263,TAT-QA:53eec737-630e-4915-afbb-8c20cdd01263,What was the deferred tax assets for Inventory in 2019?,r6c1,subject=Stock-based compensation；metric=Stock-based compensation；period=2019；unit=；scope=TAT-QA,0,1,与官方 gold 一致；claim 与 fact 词元重合 {2019}
TAT-QA,dev,861ad987-4b1b-40e0-bef3-1fbd25a33c6b,TAT-QA:861ad987-4b1b-40e0-bef3-1fbd25a33c6b,What was the amount of USD denominated current monetary assets as at 31 December 2019?,r11c1,"subject=Monetary liabilities, non-current；metric=Monetary liabilities, non-current；period=USD denominated RMB’Million；unit=；scope=TAT-QA",0,1,"与官方 gold 一致；claim 与 fact 词元重合 {current, denominated, monetary, usd}"
TAT-QA,dev,af31958a-184d-4005-9fcb-cfad9912ba8c,TAT-QA:af31958a-184d-4005-9fcb-cfad9912ba8c,What are the respective values of Finjan Blue future commitments that are less than one year and between 2-5 years?,r6c1,subject=Total；metric=Total；period=；unit=thousand；scope=TAT-QA,0,1,与官方 gold 一致；负例由「与正例同行或同列」规则构造（见 convert_public_datasets.py 第 119 行），无字面重合符合难负例预期；元数据缺字段：period
TAT-QA,dev,8692f92d-668a-452d-be7a-2b491ee27585,TAT-QA:8692f92d-668a-452d-be7a-2b491ee27585,Which financial years' information is shown in the table?,r12c2,subject=Deferred tax on origination and reversal of temporary differences:；metric=Deferred tax on origination and reversal of temporary differences:；period=；unit=；scope=TAT-QA,0,1,与官方 gold 一致；负例由「与正例同行或同列」规则构造（见 convert_public_datasets.py 第 119 行），无字面重合符合难负例预期；元数据缺字段：period
TAT-QA,dev,8692f92d-668a-452d-be7a-2b491ee27585,TAT-QA:8692f92d-668a-452d-be7a-2b491ee27585,Which financial years' information is shown in the table?,r11c3,subject=Total current tax expense；metric=Total current tax expense；period=；unit=；scope=TAT-QA,0,1,与官方 gold 一致；负例由「与正例同行或同列」规则构造（见 convert_public_datasets.py 第 119 行），无字面重合符合难负例预期；元数据缺字段：period
TAT-QA,dev,c3d2669c-a641-4c28-80d3-bda1c847027c,TAT-QA:c3d2669c-a641-4c28-80d3-bda1c847027c,What was the effective tax rate in 2019?,r10c1,"subject=Other, net；metric=Other, net；period=2019；unit=；scope=TAT-QA",0,1,与官方 gold 一致；claim 与 fact 词元重合 {2019}
TAT-QA,dev,eb122e2e-12b4-4e59-a018-7045192b021d,TAT-QA:eb122e2e-12b4-4e59-a018-7045192b021d,What is the basic earnings per share in 2019?,r8c2,subject=Diluted；metric=Diluted；period=；unit=；scope=TAT-QA,0,1,与官方 gold 一致；负例由「与正例同行或同列」规则构造（见 convert_public_datasets.py 第 119 行），无字面重合符合难负例预期；元数据缺字段：period
TAT-QA,dev,fdc2dbb8-0066-473e-95c1-43eb17223093,TAT-QA:fdc2dbb8-0066-473e-95c1-43eb17223093,Which years did the amount for Other exceed $5 million?,r5c1,"subject=Less allowance for doubtful accounts；metric=Less allowance for doubtful accounts；period=March 31,；unit=million；scope=TAT-QA",0,1,与官方 gold 一致；claim 与 fact 词元重合 {million}
TAT-QA,dev,62425e9b-b7de-4d31-9565-1042ad9e4926,TAT-QA:62425e9b-b7de-4d31-9565-1042ad9e4926,"What was the Amount computed at the statutory federal income tax rate in 2020, 2018 and 2017 respectively?",r11c2,subject=Impact of foreign operations；metric=Impact of foreign operations；period=Year Ended；unit=；scope=TAT-QA,0,1,与官方 gold 一致；负例由「与正例同行或同列」规则构造（见 convert_public_datasets.py 第 119 行），无字面重合符合难负例预期
TAT-QA,dev,981e181b-57fa-42ff-a2d9-b8603eafdd4c,TAT-QA:981e181b-57fa-42ff-a2d9-b8603eafdd4c,What was the basic Weighted-average common shares outstanding in 2017?,r11c1,subject=Net income per diluted share (1)；metric=Net income per diluted share (1)；period=；unit=thousand；scope=TAT-QA,0,1,与官方 gold 一致；负例由「与正例同行或同列」规则构造（见 convert_public_datasets.py 第 119 行），无字面重合符合难负例预期；元数据缺字段：period
TAT-QA,dev,e9d3bb25-89ab-4aed-8bec-5501d5fe7b16,TAT-QA:e9d3bb25-89ab-4aed-8bec-5501d5fe7b16,What is the total provision for income taxes in 2018?,r10c1,subject=Provision for income taxes；metric=Provision for income taxes；period=；unit=；scope=TAT-QA,0,1,"与官方 gold 一致；claim 与 fact 词元重合 {income, provision, taxes}；元数据缺字段：period"
TAT-QA,dev,53474060-2736-46cb-bd97-1eb42f0ff3c1,TAT-QA:53474060-2736-46cb-bd97-1eb42f0ff3c1,In which years was for the net sales by segment and industry end market calculated?,r5c1,subject=Commercial transportation；metric=Commercial transportation；period=；unit=；scope=TAT-QA,0,1,与官方 gold 一致；负例由「与正例同行或同列」规则构造（见 convert_public_datasets.py 第 119 行），无字面重合符合难负例预期；元数据缺字段：period
TAT-QA,dev,bd57880a-3395-45a5-83b1-8adc4483d4bd,TAT-QA:bd57880a-3395-45a5-83b1-8adc4483d4bd,What is the total costs incurred in 2019?,r2c1,subject=Strategic Alternatives Evaluation (1)；metric=Strategic Alternatives Evaluation (1)；period=2019；unit=thousand；scope=TAT-QA,0,1,与官方 gold 一致；claim 与 fact 词元重合 {2019}
TAT-QA,dev,fb333978-9a21-401f-9660-ccdff2e36d02,TAT-QA:fb333978-9a21-401f-9660-ccdff2e36d02,How much is the cash provided by operating activities in 2019?,r1c3,subject=；metric=；period=；unit=；scope=TAT-QA,0,1,"与官方 gold 一致；负例由「与正例同行或同列」规则构造（见 convert_public_datasets.py 第 119 行），无字面重合符合难负例预期；元数据缺字段：subject, metric, period"
TAT-QA,dev,8692f92d-668a-452d-be7a-2b491ee27585,TAT-QA:8692f92d-668a-452d-be7a-2b491ee27585,Which financial years' information is shown in the table?,r8c1,subject=Current year；metric=Current year；period=；unit=；scope=TAT-QA,0,1,与官方 gold 一致；负例由「与正例同行或同列」规则构造（见 convert_public_datasets.py 第 119 行），无字面重合符合难负例预期；元数据缺字段：period
TAT-QA,dev,1c9e6c58-fd11-4711-986e-1d86b626d1dd,TAT-QA:1c9e6c58-fd11-4711-986e-1d86b626d1dd,What was the change in Capital redemption reserve in 2019 from 2018?,r13c3,subject=Called-up share capital；metric=Called-up share capital；period=2018；unit=；scope=TAT-QA,0,1,"与官方 gold 一致；claim 与 fact 词元重合 {2018, capital}"
TAT-QA,dev,fd7e14ed-efb6-4992-bdc2-b5603d91f126,TAT-QA:fd7e14ed-efb6-4992-bdc2-b5603d91f126,What is total basic earnings per share (cents per share)  for 2019?,r16c1,subject=Discontinued operations；metric=Discontinued operations；period=2019；unit=；scope=TAT-QA,0,1,与官方 gold 一致；claim 与 fact 词元重合 {2019}
TAT-QA,dev,53474060-2736-46cb-bd97-1eb42f0ff3c1,TAT-QA:53474060-2736-46cb-bd97-1eb42f0ff3c1,In which years was for the net sales by segment and industry end market calculated?,r7c1,subject=Total Transportation Solutions；metric=Total Transportation Solutions；period=；unit=；scope=TAT-QA,0,1,与官方 gold 一致；负例由「与正例同行或同列」规则构造（见 convert_public_datasets.py 第 119 行），无字面重合符合难负例预期；元数据缺字段：period
TAT-QA,dev,cca95e4f-c7f7-4ded-92e0-3371290f1374,TAT-QA:cca95e4f-c7f7-4ded-92e0-3371290f1374,What was the Net income attributable to American Tower Corporation stockholders in 2019?,r6c1,subject=Diluted weighted average common shares outstanding；metric=Diluted weighted average common shares outstanding；period=2019；unit=million；scope=TAT-QA,0,1,与官方 gold 一致；claim 与 fact 词元重合 {2019}
TAT-QA,dev,ec8d8bf5-ff64-447b-8481-cc067a861a28,TAT-QA:ec8d8bf5-ff64-447b-8481-cc067a861a28,In which years was the total net sales calculated?,r5c1,"subject=Transportation；metric=Transportation；period=Year Ended June 30,；unit=；scope=TAT-QA",0,1,与官方 gold 一致；负例由「与正例同行或同列」规则构造（见 convert_public_datasets.py 第 119 行），无字面重合符合难负例预期
FinQA,dev,LMT/2015/page_54.pdf-3,FinQA:LMT/2015/page_54.pdf-3,in 2015 what was the ratio of the net sales to the backlog,r1c2,subject=net sales；metric=net sales；period=2014；unit=；scope=FinQA,1,1,"与官方 gold 一致；claim 与 fact 词元重合 {net, sales}"
FinQA,dev,STT/2009/page_73.pdf-1,FinQA:STT/2009/page_73.pdf-1,what was the percentage change in the amortized cost in 2009,r2c1,subject=amortized cost；metric=amortized cost；period=2009；unit=；scope=FinQA,1,1,"与官方 gold 一致；claim 与 fact 词元重合 {2009, amortized, cost}"
FinQA,dev,AES/2017/page_157.pdf-4,FinQA:AES/2017/page_157.pdf-4,what percentage was andes sbu of total revenue in 2017?,r8c1,subject=total revenue；metric=total revenue；period=total revenue 2017；unit=；scope=FinQA,1,1,"与官方 gold 一致；claim 与 fact 词元重合 {2017, revenue, total}"
FinQA,dev,HII/2014/page_69.pdf-1,FinQA:HII/2014/page_69.pdf-1,what portion of total backlog is related to ingalls segment?,r1c2,subject=ingalls；metric=ingalls；period=december 31 2014 unfunded；unit=；scope=FinQA,1,1,与官方 gold 一致；claim 与 fact 词元重合 {ingalls}
FinQA,dev,BLK/2014/page_119.pdf-1,FinQA:BLK/2014/page_119.pdf-1,what percent higher is fair value than carrying value?,r7c2,subject=total long-term borrowings；metric=total long-term borrowings；period=unamortized discount；unit=；scope=FinQA,1,1,与官方 gold 一致；答案单元格无字面重合，属 TAT-QA/FinQA 的推理型问答（需跨行计算），标签以官方 gold 为准
FinQA,dev,ABMD/2007/page_52.pdf-3,FinQA:ABMD/2007/page_52.pdf-3,"what portion of total future obligations is related to operating lease obligations as of march 31 , 2007?",r1c1,subject=operating lease obligations；metric=operating lease obligations；period=payments due by fiscal year total；unit=；scope=FinQA,1,1,"与官方 gold 一致；claim 与 fact 词元重合 {lease, obligations, operating, total}"
FinQA,dev,JPM/2005/page_37.pdf-3,FinQA:JPM/2005/page_37.pdf-3,"without the asset & wealth management segment in 2015 , what would total operating income have been in us$ millions?",r8c3,"subject=total；metric=total；period=year ended december 31 , change；unit=；scope=FinQA",1,1,与官方 gold 一致；claim 与 fact 词元重合 {total}
FinQA,dev,APTV/2014/page_49.pdf-1,FinQA:APTV/2014/page_49.pdf-1,what is the lowest return for the first month of the investment?,r3c1,subject=automotive supplier peer group ( 3 )；metric=automotive supplier peer group ( 3 )；period=november 17 2011；unit=；scope=FinQA,1,1,与官方 gold 一致；答案单元格无字面重合，属 TAT-QA/FinQA 的推理型问答（需跨行计算），标签以官方 gold 为准
FinQA,dev,CDNS/2012/page_30.pdf-4,FinQA:CDNS/2012/page_30.pdf-4,what is the roi of nasdaq composite from 2008 to 2009?,r2c6,subject=nasdaq composite；metric=nasdaq composite；period=12/29/2012；unit=；scope=FinQA,1,1,"与官方 gold 一致；claim 与 fact 词元重合 {composite, nasdaq}"
FinQA,dev,ANSS/2013/page_55.pdf-3,FinQA:ANSS/2013/page_55.pdf-3,what percentage of total contractual obligations comes from global headquarters operating leases?,r6c3,subject=total contractual obligations；metric=total contractual obligations；period=payments due by period 2 2013 3 years；unit=；scope=FinQA,1,1,"与官方 gold 一致；claim 与 fact 词元重合 {contractual, obligations, total}"
FinQA,dev,PM/2018/page_24.pdf-3,FinQA:PM/2018/page_24.pdf-3,what was the percentage return for pmi common stock for the five years ended 2018?,r6c2,subject=december 31 2018；metric=december 31 2018；period=pmi peer group ( 1 )；unit=；scope=FinQA,1,1,"与官方 gold 一致；claim 与 fact 词元重合 {2018, pmi}"
FinQA,dev,UNP/2011/page_21.pdf-3,FinQA:UNP/2011/page_21.pdf-3,what percentage of total number of shares purchased were purchased in october ?,r1c4,subject=oct . 1 through oct . 31；metric=oct . 1 through oct . 31；period=maximum number ofshares that may yetbe purchased under the planor program [b]；unit=；scope=FinQA,1,1,"与官方 gold 一致；claim 与 fact 词元重合 {number, purchased}"
FinQA,dev,BLK/2014/page_119.pdf-4,FinQA:BLK/2014/page_119.pdf-4,what portion of total long-term borrowings is due in the next 36 months?,r7c3,subject=total long-term borrowings；metric=total long-term borrowings；period=carrying value；unit=；scope=FinQA,1,1,"与官方 gold 一致；claim 与 fact 词元重合 {borrowings, long, term, total}"
FinQA,dev,INTC/2013/page_29.pdf-4,FinQA:INTC/2013/page_29.pdf-4,of the square feet in the us what was the percent of the owned facility of the us total,r3c1,subject=total facilities；metric=total facilities；period=unitedstates；unit=；scope=FinQA,1,1,与官方 gold 一致；claim 与 fact 词元重合 {total}
FinQA,dev,AOS/2004/page_11.pdf-1,FinQA:AOS/2004/page_11.pdf-1,what percentage of total aggregate contractual obligations is due to long-term debt?,r5c1,subject=total；metric=total；period=( dollars in millions ) total；unit=；scope=FinQA,1,1,与官方 gold 一致；claim 与 fact 词元重合 {total}
FinQA,dev,IP/2007/page_75.pdf-1,FinQA:IP/2007/page_75.pdf-1,"what percentage of december 31 , 2007 , total future minimum commitments under existing non-cancelable operating leases and purchase obligations were due to purchase obligations for the year of 2008?",r2c3,subject=purchase obligations ( a )；metric=purchase obligations ( a )；period=2010；unit=；scope=FinQA,1,1,"与官方 gold 一致；claim 与 fact 词元重合 {obligations, purchase}"
FinQA,dev,PNC/2009/page_46.pdf-4,FinQA:PNC/2009/page_46.pdf-4,what is the average percentage for aaa rated facilities in 2008 and 2009?,r1c1,subject=aaa/aaa；metric=aaa/aaa；period=december 31 2009；unit=；scope=FinQA,1,1,"与官方 gold 一致；claim 与 fact 词元重合 {2009, aaa}"
FinQA,dev,ADBE/2018/page_86.pdf-2,FinQA:ADBE/2018/page_86.pdf-2,"for fiscal 2018 , what percentage of the total change in the valuation allowance was due to settlements with taxing authorities?",r5c2,subject=settlements with taxing authorities；metric=settlements with taxing authorities；period=2017；unit=；scope=FinQA,1,1,"与官方 gold 一致；claim 与 fact 词元重合 {authorities, settlements, taxing}"
FinQA,dev,MSI/2006/page_61.pdf-2,FinQA:MSI/2006/page_61.pdf-2,how much did the lease obligations drop from 2004 to 2011?,r2c1,subject=lease obligations；metric=lease obligations；period=payments due by period ( 1 ) total；unit=；scope=FinQA,1,1,"与官方 gold 一致；claim 与 fact 词元重合 {lease, obligations}"
FinQA,dev,IP/2005/page_35.pdf-1,FinQA:IP/2005/page_35.pdf-1,"what is the change in total debt to be repaid in the contractual obligations for future payments under existing debt and lease commitments and purchase obligations at december 31 , 2005 between 2009 and 2008?",r1c5,subject=total debt；metric=total debt；period=2010；unit=；scope=FinQA,1,1,"与官方 gold 一致；claim 与 fact 词元重合 {debt, total}"
FinQA,dev,IP/2005/page_35.pdf-4,FinQA:IP/2005/page_35.pdf-4,what was the percent of the total contractual obligations for future payments for total debt in 2005,r4c6,subject=total；metric=total；period=thereafter；unit=；scope=FinQA,1,1,与官方 gold 一致；claim 与 fact 词元重合 {total}
FinQA,dev,C/2008/page_211.pdf-2,FinQA:C/2008/page_211.pdf-2,in 2008 what was the carrying amount reported on the consolidated balance sheet to aggregate unpaid principal balance in excess of fair value of the trading assets,r1c1,subject=carrying amount reported on the consolidated balance sheet；metric=carrying amount reported on the consolidated balance sheet；period=2008 trading assets；unit=；scope=FinQA,1,1,"与官方 gold 一致；claim 与 fact 词元重合 {2008, amount, assets, balance, carrying, consolidated}"
FinQA,dev,UNP/2013/page_54.pdf-3,FinQA:UNP/2013/page_54.pdf-3,what percentage of total freight revenues was automotive in 2013?,r2c2,subject=automotive；metric=automotive；period=2012；unit=；scope=FinQA,1,1,与官方 gold 一致；claim 与 fact 词元重合 {automotive}
FinQA,dev,LKQ/2016/page_26.pdf-2,FinQA:LKQ/2016/page_26.pdf-2,what was the difference in percentage cumulative return for lkq corporation and the s&p 500 index for the five years ended 12/31/2016?,r1c6,subject=lkq corporation；metric=lkq corporation；period=12/31/2016；unit=；scope=FinQA,1,1,"与官方 gold 一致；claim 与 fact 词元重合 {12, 2016, 31, corporation, lkq}"
FinQA,dev,JPM/2018/page_110.pdf-3,FinQA:JPM/2018/page_110.pdf-3,in 2017 what was the ratio of the htm investment securities ( period-end ) compared to investment securities portfolio ( period 2013end ),r6c1,subject=htm investment securities ( period-end )；metric=htm investment securities ( period-end )；period=2018；unit=；scope=FinQA,1,1,"与官方 gold 一致；claim 与 fact 词元重合 {end, htm, investment, period, securities}"
TAT-QA,dev,8b2c7a63-0dc5-4a6f-83f1-6f9b27a8016c,TAT-QA:8b2c7a63-0dc5-4a6f-83f1-6f9b27a8016c,What was the Provision for losses on accounts receivable in 2017?,r6c2,"subject=Provision for losses on accounts receivable；metric=Provision for losses on accounts receivable；period=Year Ended December 31, 2017；unit=；scope=TAT-QA",1,1,"与官方 gold 一致；claim 与 fact 词元重合 {2017, accounts, losses, provision, receivable}"
TAT-QA,dev,8b2c7a63-0dc5-4a6f-83f1-6f9b27a8016c,TAT-QA:8b2c7a63-0dc5-4a6f-83f1-6f9b27a8016c,What was the amount of Depreciation and amortization in 2018?,r3c1,"subject=Depreciation and amortization；metric=Depreciation and amortization；period=Year Ended December 31, 2018；unit=；scope=TAT-QA",1,1,"与官方 gold 一致；claim 与 fact 词元重合 {2018, amortization, depreciation}"
TAT-QA,dev,41abd239-2074-4945-ade8-5cf7bce26b48,TAT-QA:41abd239-2074-4945-ade8-5cf7bce26b48,What are the respective percentage of revenue from Apple and Huawei in 2017?,r3c3,"subject=Huawei Technologies Co., Ltd. (“Huawei”)；metric=Huawei Technologies Co., Ltd. (“Huawei”)；period=；unit=；scope=TAT-QA",1,1,与官方 gold 一致；claim 与 fact 词元重合 {huawei}；元数据缺字段：period
TAT-QA,dev,bcbd7783-86ad-430d-aa96-48808bb0426c,TAT-QA:bcbd7783-86ad-430d-aa96-48808bb0426c,What is the percentage change in Bell Wireless operating revenues in Q4 2019 to Q4 2018?,r1c4,subject=Bell Wireless；metric=Bell Wireless；period=% CHANGE；unit=；scope=TAT-QA,1,1,"与官方 gold 一致；claim 与 fact 词元重合 {bell, change, wireless}"
TAT-QA,dev,a9ddf64a-2806-4476-b341-05d7d06fdcf6,TAT-QA:a9ddf64a-2806-4476-b341-05d7d06fdcf6,"What is the number of shares outstanding as of September 30, 2018?",r9c1,"subject=Outstanding at September 30, 2018；metric=Outstanding at September 30, 2018；period=Number of Shares；unit=；scope=TAT-QA",1,1,"与官方 gold 一致；claim 与 fact 词元重合 {2018, 30, number, outstanding, september, shares}"
TAT-QA,dev,1c9e6c58-fd11-4711-986e-1d86b626d1dd,TAT-QA:1c9e6c58-fd11-4711-986e-1d86b626d1dd,What was the change in Capital redemption reserve in 2019 from 2018?,r7c3,subject=Cash and cash equivalents；metric=Cash and cash equivalents；period=2018；unit=；scope=TAT-QA,1,1,与官方 gold 一致；claim 与 fact 词元重合 {2018}
TAT-QA,dev,1aa69af8-7349-44da-a558-09e5d5fb73c5,TAT-QA:1aa69af8-7349-44da-a558-09e5d5fb73c5,What are the respective equity-based compensation in 2018 and 2019?,r5c1,"subject=Equity-based compensation；metric=Equity-based compensation；period=December 31,；unit=thousand；scope=TAT-QA",1,1,"与官方 gold 一致；claim 与 fact 词元重合 {based, compensation, equity}"
TAT-QA,dev,41abd239-2074-4945-ade8-5cf7bce26b48,TAT-QA:41abd239-2074-4945-ade8-5cf7bce26b48,What are the respective percentage of revenue from Apple and Huawei in 2019?,r2c1,subject=Apple Inc. (“Apple”)；metric=Apple Inc. (“Apple”)；period=；unit=；scope=TAT-QA,1,1,与官方 gold 一致；claim 与 fact 词元重合 {apple}；元数据缺字段：period
TAT-QA,dev,577a9bb6-6158-41aa-b2ec-1a3dd5cdfa06,TAT-QA:577a9bb6-6158-41aa-b2ec-1a3dd5cdfa06,"What is the Cash provided by operating activities for fiscal years 2019, 2018 and 2017 respectively?",r5c3,subject=Cash provided by operating activities；metric=Cash provided by operating activities；period=；unit=thousand；scope=TAT-QA,1,1,"与官方 gold 一致；claim 与 fact 词元重合 {activities, cash, operating, provided}；元数据缺字段：period"
TAT-QA,dev,9afaa852-4103-4782-9109-34104931dbc1,TAT-QA:9afaa852-4103-4782-9109-34104931dbc1,What was the Net operating loss carry forward in 2019?,r3c1,"subject=Net operating loss carry forward；metric=Net operating loss carry forward；period=Fiscal Year Ended August 31,；unit=thousand；scope=TAT-QA",1,1,"与官方 gold 一致；claim 与 fact 词元重合 {carry, forward, loss, net, operating}"
TAT-QA,dev,d8d5f6c9-b21f-45dc-9cd2-acd8450d46ed,TAT-QA:d8d5f6c9-b21f-45dc-9cd2-acd8450d46ed,"How much is the other receivables as at December 31, 2019?",r6c1,"subject=Other receivables；metric=Other receivables；period=December 31, 2019；unit=；scope=TAT-QA",1,1,"与官方 gold 一致；claim 与 fact 词元重合 {2019, 31, december, other, receivables}"
TAT-QA,dev,8217d51e-d170-4381-b018-072586fb1024,TAT-QA:8217d51e-d170-4381-b018-072586fb1024,"What was the research and development expenses in 2019, 2018 and 2017 respectively?",r4c2,"subject=Research and development；metric=Research and development；period=Year Ended March 31, ；unit=；scope=TAT-QA",1,1,"与官方 gold 一致；claim 与 fact 词元重合 {development, research}"
TAT-QA,dev,8217d51e-d170-4381-b018-072586fb1024,TAT-QA:8217d51e-d170-4381-b018-072586fb1024,"What was the cost of revenues in 2019, 2018 and 2017 respectively?",r3c2,"subject=Cost of revenues ；metric=Cost of revenues ；period=Year Ended March 31, ；unit=；scope=TAT-QA",1,1,"与官方 gold 一致；claim 与 fact 词元重合 {cost, revenues}"
TAT-QA,dev,88f5faa2-dd5b-48bb-8b53-8edd6714f894,TAT-QA:88f5faa2-dd5b-48bb-8b53-8edd6714f894,What was the Technology development costs in 2019 and 2018?,r3c2,subject=Technology development costs；metric=Technology development costs；period=；unit=；scope=TAT-QA,1,1,"与官方 gold 一致；claim 与 fact 词元重合 {costs, development, technology}；元数据缺字段：period"
TAT-QA,dev,af31958a-184d-4005-9fcb-cfad9912ba8c,TAT-QA:af31958a-184d-4005-9fcb-cfad9912ba8c,What are the respective values of Finjan Blue future commitments that are less than one year and between 2-5 years?,r5c2,subject=Finjan Blue future commitment；metric=Finjan Blue future commitment；period=Payments due by Period (In thousands)；unit=thousand；scope=TAT-QA,1,1,"与官方 gold 一致；claim 与 fact 词元重合 {blue, finjan, future}"
TAT-QA,dev,53474060-2736-46cb-bd97-1eb42f0ff3c1,TAT-QA:53474060-2736-46cb-bd97-1eb42f0ff3c1,In which year was the amount for Sensors the largest?,r1c2,subject=；metric=；period=Fiscal；unit=；scope=TAT-QA,1,1,"与官方 gold 一致；答案单元格无字面重合，属 TAT-QA/FinQA 的推理型问答（需跨行计算），标签以官方 gold 为准；元数据缺字段：subject, metric"
TAT-QA,dev,75c4ce3e-859b-4c3c-8443-6b8b3a70724f,TAT-QA:75c4ce3e-859b-4c3c-8443-6b8b3a70724f,What was the net income in 2019?,r3c1,subject=Net income；metric=Net income；period=；unit=thousand；scope=TAT-QA,1,1,"与官方 gold 一致；claim 与 fact 词元重合 {income, net}；元数据缺字段：period"
TAT-QA,dev,f5cab3e6-1f49-4434-b9a2-5e97073b985b,TAT-QA:f5cab3e6-1f49-4434-b9a2-5e97073b985b,"How much was the derivative liabilities as at December 31, 2019?",r3c1,"subject=Derivative liabilities；metric=Derivative liabilities；period=December31,；unit=；scope=TAT-QA",1,1,"与官方 gold 一致；claim 与 fact 词元重合 {derivative, liabilities}"
TAT-QA,dev,53474060-2736-46cb-bd97-1eb42f0ff3c1,TAT-QA:53474060-2736-46cb-bd97-1eb42f0ff3c1,In which years was for the net sales by segment and industry end market calculated?,r1c3,subject=；metric=；period=；unit=；scope=TAT-QA,1,1,"与官方 gold 一致；答案单元格无字面重合，属 TAT-QA/FinQA 的推理型问答（需跨行计算），标签以官方 gold 为准；元数据缺字段：subject, metric, period"
TAT-QA,dev,89cf13a2-6d08-48be-a45d-2346422d5c38,TAT-QA:89cf13a2-6d08-48be-a45d-2346422d5c38,What was the expected term in 2019 in years?,r5c1,subject=Expected term (in years)；metric=Expected term (in years)；period=；unit=；scope=TAT-QA,1,1,"与官方 gold 一致；claim 与 fact 词元重合 {expected, term, years}；元数据缺字段：period"
TAT-QA,dev,577a9bb6-6158-41aa-b2ec-1a3dd5cdfa06,TAT-QA:577a9bb6-6158-41aa-b2ec-1a3dd5cdfa06,"What is the Net income for fiscal years 2019, 2018 and 2017 respectively?",r2c3,subject=Net income；metric=Net income；period=；unit=thousand；scope=TAT-QA,1,1,"与官方 gold 一致；claim 与 fact 词元重合 {income, net}；元数据缺字段：period"
TAT-QA,dev,708fa58a-083d-4a97-80a1-5fe9de71a36b,TAT-QA:708fa58a-083d-4a97-80a1-5fe9de71a36b,What was the servicing fee in 2018?,r5c2,"subject=Servicing fees；metric=Servicing fees；period=Year Ended December 31,；unit=；scope=TAT-QA",1,1,与官方 gold 一致；claim 与 fact 词元重合 {servicing}
TAT-QA,dev,25b58dc8-b269-41e5-b394-caee1b080dd2,TAT-QA:25b58dc8-b269-41e5-b394-caee1b080dd2,What was the Accruals and reserves in 2019 and 2018 respectively?,r2c1,"subject=Accruals and reserves；metric=Accruals and reserves；period=As of July 31,；unit=；scope=TAT-QA",1,1,"与官方 gold 一致；claim 与 fact 词元重合 {accruals, reserves}"
TAT-QA,dev,ec8d8bf5-ff64-447b-8481-cc067a861a28,TAT-QA:ec8d8bf5-ff64-447b-8481-cc067a861a28,In which years was the total net sales calculated?,r1c3,"subject=($ in millions)；metric=($ in millions)；period=Year Ended June 30,；unit=；scope=TAT-QA",1,1,与官方 gold 一致；答案单元格无字面重合，属 TAT-QA/FinQA 的推理型问答（需跨行计算），标签以官方 gold 为准
TAT-QA,dev,1aa69af8-7349-44da-a558-09e5d5fb73c5,TAT-QA:1aa69af8-7349-44da-a558-09e5d5fb73c5,What are the respective tax credits in 2018 and 2019?,r4c1,"subject=Tax credits；metric=Tax credits；period=December 31,；unit=thousand；scope=TAT-QA",1,1,"与官方 gold 一致；claim 与 fact 词元重合 {credits, tax}"
