claim_id,group_id,split,kind,claim_text,source_file,source_location,candidate_refs,consensus_refs,gold_action,category,numeric_conflict_note,reviewer_decision,reviewer_refs,reviewer_category,reviewer_note
lw-004-01,longword-01,dev,quote,本期销售额为125万元,长文Word测试\长文测试_原始报告.docx,"[""p"", 4]",sales_current,sales_current,link,ordinary,否,,,,
lw-004-02,longword-01,dev,growth,较上期增长25%,长文Word测试\长文测试_原始报告.docx,"[""p"", 4]","sales_prev,sales_current","sales_prev,sales_current",link,ordinary,否,,,,
lw-004-03,longword-01,dev,threshold,超过120万元,长文Word测试\长文测试_原始报告.docx,"[""p"", 4]",sales_current,sales_current,link,ordinary,否,,,,
lw-006-01,longword-01,dev,growth,本期销售额较上期增长,长文Word测试\长文测试_原始报告.docx,"[""p"", 6]","sales_prev,sales_current","sales_prev,sales_current",link,ordinary,否,,,,
lw-006-02,longword-01,dev,threshold,本期销售额超过80万元,长文Word测试\长文测试_原始报告.docx,"[""p"", 6]",sales_current,sales_current,link,ordinary,否,,,,
lw-007-01,longword-01,dev,ranking,A产品销量最高,长文Word测试\长文测试_原始报告.docx,"[""p"", 7]","product_a,product_b","product_a,product_b",link,ordinary,否,,,,
lw-007-02,longword-01,dev,threshold,支出未超过预算,长文Word测试\长文测试_原始报告.docx,"[""p"", 7]","spending,budget","spending,budget",link,ordinary,否,,,,
lw-008-01,longword-01,dev,quote,本期支出为80万元,长文Word测试\长文测试_原始报告.docx,"[""p"", 8]",spending,spending,link,ordinary,是,,,,
lw-008-02,longword-01,dev,quote,本期预算为100万元,长文Word测试\长文测试_原始报告.docx,"[""p"", 8]",budget,budget,link,ordinary,否,,,,
lw-010-01,longword-01,dev,quote,本期销售额为125万元,长文Word测试\长文测试_原始报告.docx,"[""p"", 10]",sales_current,sales_current,link,ordinary,否,,,,
lw-010-02,longword-01,dev,threshold,本期支出低于100万元,长文Word测试\长文测试_原始报告.docx,"[""p"", 10]",spending,spending,link,ordinary,是,,,,
lw-016-01,longword-02,dev,quote,本期销售额为125万元,长文Word测试\长文测试_原始报告.docx,"[""p"", 16]",sales_current,sales_current,link,ordinary,否,,,,
lw-016-02,longword-02,dev,growth,较上期增长25%,长文Word测试\长文测试_原始报告.docx,"[""p"", 16]","sales_prev,sales_current","sales_prev,sales_current",link,ordinary,否,,,,
lw-016-03,longword-02,dev,threshold,超过120万元,长文Word测试\长文测试_原始报告.docx,"[""p"", 16]",sales_current,sales_current,link,ordinary,否,,,,
lw-018-01,longword-02,dev,growth,本期销售额较上期增长,长文Word测试\长文测试_原始报告.docx,"[""p"", 18]","sales_prev,sales_current","sales_prev,sales_current",link,ordinary,否,,,,
lw-018-02,longword-02,dev,threshold,本期销售额超过80万元,长文Word测试\长文测试_原始报告.docx,"[""p"", 18]",sales_current,sales_current,link,ordinary,否,,,,
lw-019-01,longword-02,dev,ranking,A产品销量最高,长文Word测试\长文测试_原始报告.docx,"[""p"", 19]","product_a,product_b","product_a,product_b",link,ordinary,否,,,,
lw-019-02,longword-02,dev,threshold,支出未超过预算,长文Word测试\长文测试_原始报告.docx,"[""p"", 19]","spending,budget","spending,budget",link,ordinary,否,,,,
lw-020-01,longword-02,dev,quote,本期支出为80万元,长文Word测试\长文测试_原始报告.docx,"[""p"", 20]",spending,spending,link,ordinary,是,,,,
lw-020-02,longword-02,dev,quote,本期预算为100万元,长文Word测试\长文测试_原始报告.docx,"[""p"", 20]",budget,budget,link,ordinary,否,,,,
lw-022-01,longword-02,dev,quote,本期销售额为125万元,长文Word测试\长文测试_原始报告.docx,"[""p"", 22]",sales_current,sales_current,link,ordinary,否,,,,
lw-022-02,longword-02,dev,threshold,本期支出低于100万元,长文Word测试\长文测试_原始报告.docx,"[""p"", 22]",spending,spending,link,ordinary,是,,,,
lw-028-01,longword-03,dev,quote,本期销售额为125万元,长文Word测试\长文测试_原始报告.docx,"[""p"", 28]",sales_current,sales_current,link,ordinary,否,,,,
lw-028-02,longword-03,dev,growth,较上期增长25%,长文Word测试\长文测试_原始报告.docx,"[""p"", 28]","sales_prev,sales_current","sales_prev,sales_current",link,ordinary,否,,,,
lw-028-03,longword-03,dev,threshold,超过120万元,长文Word测试\长文测试_原始报告.docx,"[""p"", 28]",sales_current,sales_current,link,ordinary,否,,,,
lw-030-01,longword-03,dev,growth,本期销售额较上期增长,长文Word测试\长文测试_原始报告.docx,"[""p"", 30]","sales_prev,sales_current","sales_prev,sales_current",link,ordinary,否,,,,
lw-030-02,longword-03,dev,threshold,本期销售额超过80万元,长文Word测试\长文测试_原始报告.docx,"[""p"", 30]",sales_current,sales_current,link,ordinary,否,,,,
lw-031-01,longword-03,dev,ranking,A产品销量最高,长文Word测试\长文测试_原始报告.docx,"[""p"", 31]","product_a,product_b","product_a,product_b",link,ordinary,否,,,,
lw-031-02,longword-03,dev,threshold,支出未超过预算,长文Word测试\长文测试_原始报告.docx,"[""p"", 31]","spending,budget","spending,budget",link,ordinary,否,,,,
lw-032-01,longword-03,dev,quote,本期支出为80万元,长文Word测试\长文测试_原始报告.docx,"[""p"", 32]",spending,spending,link,ordinary,是,,,,
lw-032-02,longword-03,dev,quote,本期预算为100万元,长文Word测试\长文测试_原始报告.docx,"[""p"", 32]",budget,budget,link,ordinary,否,,,,
lw-034-01,longword-03,dev,quote,本期销售额为125万元,长文Word测试\长文测试_原始报告.docx,"[""p"", 34]",sales_current,sales_current,link,ordinary,否,,,,
lw-034-02,longword-03,dev,threshold,本期支出低于100万元,长文Word测试\长文测试_原始报告.docx,"[""p"", 34]",spending,spending,link,ordinary,是,,,,
lw-040-01,longword-03,dev,quote,本期销售额为125万元,长文Word测试\长文测试_原始报告.docx,"[""p"", 40]",sales_current,sales_current,link,ordinary,否,,,,
lw-040-02,longword-03,dev,growth,较上期增长25%,长文Word测试\长文测试_原始报告.docx,"[""p"", 40]","sales_prev,sales_current","sales_prev,sales_current",link,ordinary,否,,,,
lw-040-03,longword-03,dev,threshold,超过120万元,长文Word测试\长文测试_原始报告.docx,"[""p"", 40]",sales_current,sales_current,link,ordinary,否,,,,
lw-042-01,longword-04,dev,growth,本期销售额较上期增长,长文Word测试\长文测试_原始报告.docx,"[""p"", 42]","sales_prev,sales_current","sales_prev,sales_current",link,ordinary,否,,,,
lw-042-02,longword-04,dev,threshold,本期销售额超过80万元,长文Word测试\长文测试_原始报告.docx,"[""p"", 42]",sales_current,sales_current,link,ordinary,否,,,,
lw-043-01,longword-04,dev,ranking,A产品销量最高,长文Word测试\长文测试_原始报告.docx,"[""p"", 43]","product_a,product_b","product_a,product_b",link,ordinary,否,,,,
lw-043-02,longword-04,dev,threshold,支出未超过预算,长文Word测试\长文测试_原始报告.docx,"[""p"", 43]","spending,budget","spending,budget",link,ordinary,否,,,,
lw-044-01,longword-04,dev,quote,本期支出为80万元,长文Word测试\长文测试_原始报告.docx,"[""p"", 44]",spending,spending,link,ordinary,是,,,,
lw-044-02,longword-04,dev,quote,本期预算为100万元,长文Word测试\长文测试_原始报告.docx,"[""p"", 44]",budget,budget,link,ordinary,否,,,,
lw-046-01,longword-04,dev,quote,本期销售额为125万元,长文Word测试\长文测试_原始报告.docx,"[""p"", 46]",sales_current,sales_current,link,ordinary,否,,,,
lw-046-02,longword-04,dev,threshold,本期支出低于100万元,长文Word测试\长文测试_原始报告.docx,"[""p"", 46]",spending,spending,link,ordinary,是,,,,
lw-052-01,longword-04,dev,quote,本期销售额为125万元,长文Word测试\长文测试_原始报告.docx,"[""p"", 52]",sales_current,sales_current,link,ordinary,否,,,,
lw-052-02,longword-04,dev,growth,较上期增长25%,长文Word测试\长文测试_原始报告.docx,"[""p"", 52]","sales_prev,sales_current","sales_prev,sales_current",link,ordinary,否,,,,
lw-052-03,longword-04,dev,threshold,超过120万元,长文Word测试\长文测试_原始报告.docx,"[""p"", 52]",sales_current,sales_current,link,ordinary,否,,,,
lw-054-01,longword-04,dev,growth,本期销售额较上期增长,长文Word测试\长文测试_原始报告.docx,"[""p"", 54]","sales_prev,sales_current","sales_prev,sales_current",link,ordinary,否,,,,
lw-054-02,longword-04,dev,threshold,本期销售额超过80万元,长文Word测试\长文测试_原始报告.docx,"[""p"", 54]",sales_current,sales_current,link,ordinary,否,,,,
lw-055-01,longword-04,dev,ranking,A产品销量最高,长文Word测试\长文测试_原始报告.docx,"[""p"", 55]","product_a,product_b","product_a,product_b",link,ordinary,否,,,,
lw-055-02,longword-04,dev,threshold,支出未超过预算,长文Word测试\长文测试_原始报告.docx,"[""p"", 55]","spending,budget","spending,budget",link,ordinary,否,,,,
lw-056-01,longword-05,dev,quote,本期支出为80万元,长文Word测试\长文测试_原始报告.docx,"[""p"", 56]",spending,spending,link,ordinary,是,,,,
lw-056-02,longword-05,dev,quote,本期预算为100万元,长文Word测试\长文测试_原始报告.docx,"[""p"", 56]",budget,budget,link,ordinary,否,,,,
lw-058-01,longword-05,dev,quote,本期销售额为125万元,长文Word测试\长文测试_原始报告.docx,"[""p"", 58]",sales_current,sales_current,link,ordinary,否,,,,
lw-058-02,longword-05,dev,threshold,本期支出低于100万元,长文Word测试\长文测试_原始报告.docx,"[""p"", 58]",spending,spending,link,ordinary,是,,,,
lw-064-01,longword-05,dev,quote,本期销售额为125万元,长文Word测试\长文测试_原始报告.docx,"[""p"", 64]",sales_current,sales_current,link,ordinary,否,,,,
lw-064-02,longword-05,dev,growth,较上期增长25%,长文Word测试\长文测试_原始报告.docx,"[""p"", 64]","sales_prev,sales_current","sales_prev,sales_current",link,ordinary,否,,,,
lw-064-03,longword-05,dev,threshold,超过120万元,长文Word测试\长文测试_原始报告.docx,"[""p"", 64]",sales_current,sales_current,link,ordinary,否,,,,
lw-066-01,longword-05,dev,growth,本期销售额较上期增长,长文Word测试\长文测试_原始报告.docx,"[""p"", 66]","sales_prev,sales_current","sales_prev,sales_current",link,ordinary,否,,,,
lw-066-02,longword-05,dev,threshold,本期销售额超过80万元,长文Word测试\长文测试_原始报告.docx,"[""p"", 66]",sales_current,sales_current,link,ordinary,否,,,,
lw-067-01,longword-05,dev,ranking,A产品销量最高,长文Word测试\长文测试_原始报告.docx,"[""p"", 67]","product_a,product_b","product_a,product_b",link,ordinary,否,,,,
lw-067-02,longword-05,dev,threshold,支出未超过预算,长文Word测试\长文测试_原始报告.docx,"[""p"", 67]","spending,budget","spending,budget",link,ordinary,否,,,,
lw-068-01,longword-05,dev,quote,本期支出为80万元,长文Word测试\长文测试_原始报告.docx,"[""p"", 68]",spending,spending,link,ordinary,是,,,,
lw-068-02,longword-05,dev,quote,本期预算为100万元,长文Word测试\长文测试_原始报告.docx,"[""p"", 68]",budget,budget,link,ordinary,否,,,,
lw-070-01,longword-06,dev,quote,本期销售额为125万元,长文Word测试\长文测试_原始报告.docx,"[""p"", 70]",sales_current,sales_current,link,ordinary,否,,,,
lw-070-02,longword-06,dev,threshold,本期支出低于100万元,长文Word测试\长文测试_原始报告.docx,"[""p"", 70]",spending,spending,link,ordinary,是,,,,
lw-076-01,longword-06,dev,quote,本期销售额为125万元,长文Word测试\长文测试_原始报告.docx,"[""p"", 76]",sales_current,sales_current,link,ordinary,否,,,,
lw-076-02,longword-06,dev,growth,较上期增长25%,长文Word测试\长文测试_原始报告.docx,"[""p"", 76]","sales_prev,sales_current","sales_prev,sales_current",link,ordinary,否,,,,
lw-076-03,longword-06,dev,threshold,超过120万元,长文Word测试\长文测试_原始报告.docx,"[""p"", 76]",sales_current,sales_current,link,ordinary,否,,,,
lw-078-01,longword-06,dev,growth,本期销售额较上期增长,长文Word测试\长文测试_原始报告.docx,"[""p"", 78]","sales_prev,sales_current","sales_prev,sales_current",link,ordinary,否,,,,
lw-078-02,longword-06,dev,threshold,本期销售额超过80万元,长文Word测试\长文测试_原始报告.docx,"[""p"", 78]",sales_current,sales_current,link,ordinary,否,,,,
lw-079-01,longword-06,dev,ranking,A产品销量最高,长文Word测试\长文测试_原始报告.docx,"[""p"", 79]","product_a,product_b","product_a,product_b",link,ordinary,否,,,,
lw-079-02,longword-06,dev,threshold,支出未超过预算,长文Word测试\长文测试_原始报告.docx,"[""p"", 79]","spending,budget","spending,budget",link,ordinary,否,,,,
lw-080-01,longword-06,dev,quote,本期支出为80万元,长文Word测试\长文测试_原始报告.docx,"[""p"", 80]",spending,spending,link,ordinary,是,,,,
lw-080-02,longword-06,dev,quote,本期预算为100万元,长文Word测试\长文测试_原始报告.docx,"[""p"", 80]",budget,budget,link,ordinary,否,,,,
lw-082-01,longword-06,dev,quote,本期销售额为125万元,长文Word测试\长文测试_原始报告.docx,"[""p"", 82]",sales_current,sales_current,link,ordinary,否,,,,
lw-082-02,longword-06,dev,threshold,本期支出低于100万元,长文Word测试\长文测试_原始报告.docx,"[""p"", 82]",spending,spending,link,ordinary,是,,,,
lw-088-01,longword-07,dev,quote,本期销售额为125万元,长文Word测试\长文测试_原始报告.docx,"[""p"", 88]",sales_current,sales_current,link,ordinary,否,,,,
lw-088-02,longword-07,dev,growth,较上期增长25%,长文Word测试\长文测试_原始报告.docx,"[""p"", 88]","sales_prev,sales_current","sales_prev,sales_current",link,ordinary,否,,,,
lw-088-03,longword-07,dev,threshold,超过120万元,长文Word测试\长文测试_原始报告.docx,"[""p"", 88]",sales_current,sales_current,link,ordinary,否,,,,
lw-090-01,longword-07,dev,growth,本期销售额较上期增长,长文Word测试\长文测试_原始报告.docx,"[""p"", 90]","sales_prev,sales_current","sales_prev,sales_current",link,ordinary,否,,,,
lw-090-02,longword-07,dev,threshold,本期销售额超过80万元,长文Word测试\长文测试_原始报告.docx,"[""p"", 90]",sales_current,sales_current,link,ordinary,否,,,,
lw-091-01,longword-07,dev,ranking,A产品销量最高,长文Word测试\长文测试_原始报告.docx,"[""p"", 91]","product_a,product_b","product_a,product_b",link,ordinary,否,,,,
lw-091-02,longword-07,dev,threshold,支出未超过预算,长文Word测试\长文测试_原始报告.docx,"[""p"", 91]","spending,budget","spending,budget",link,ordinary,否,,,,
lw-092-01,longword-07,dev,quote,本期支出为80万元,长文Word测试\长文测试_原始报告.docx,"[""p"", 92]",spending,spending,link,ordinary,是,,,,
lw-092-02,longword-07,dev,quote,本期预算为100万元,长文Word测试\长文测试_原始报告.docx,"[""p"", 92]",budget,budget,link,ordinary,否,,,,
lw-094-01,longword-07,dev,quote,本期销售额为125万元,长文Word测试\长文测试_原始报告.docx,"[""p"", 94]",sales_current,sales_current,link,ordinary,否,,,,
lw-094-02,longword-07,dev,threshold,本期支出低于100万元,长文Word测试\长文测试_原始报告.docx,"[""p"", 94]",spending,spending,link,ordinary,是,,,,
lw-100-01,longword-08,dev,quote,本期销售额为125万元,长文Word测试\长文测试_原始报告.docx,"[""p"", 100]",sales_current,sales_current,link,ordinary,否,,,,
lw-100-02,longword-08,dev,growth,较上期增长25%,长文Word测试\长文测试_原始报告.docx,"[""p"", 100]","sales_prev,sales_current","sales_prev,sales_current",link,ordinary,否,,,,
lw-100-03,longword-08,dev,threshold,超过120万元,长文Word测试\长文测试_原始报告.docx,"[""p"", 100]",sales_current,sales_current,link,ordinary,否,,,,
lw-102-01,longword-08,dev,growth,本期销售额较上期增长,长文Word测试\长文测试_原始报告.docx,"[""p"", 102]","sales_prev,sales_current","sales_prev,sales_current",link,ordinary,否,,,,
lw-102-02,longword-08,dev,threshold,本期销售额超过80万元,长文Word测试\长文测试_原始报告.docx,"[""p"", 102]",sales_current,sales_current,link,ordinary,否,,,,
lw-103-01,longword-08,dev,ranking,A产品销量最高,长文Word测试\长文测试_原始报告.docx,"[""p"", 103]","product_a,product_b","product_a,product_b",link,ordinary,否,,,,
lw-103-02,longword-08,dev,threshold,支出未超过预算,长文Word测试\长文测试_原始报告.docx,"[""p"", 103]","spending,budget","spending,budget",link,ordinary,否,,,,
lw-104-01,longword-08,dev,quote,本期支出为80万元,长文Word测试\长文测试_原始报告.docx,"[""p"", 104]",spending,spending,link,ordinary,是,,,,
lw-104-02,longword-08,dev,quote,本期预算为100万元,长文Word测试\长文测试_原始报告.docx,"[""p"", 104]",budget,budget,link,ordinary,否,,,,
lw-106-01,longword-08,dev,quote,本期销售额为125万元,长文Word测试\长文测试_原始报告.docx,"[""p"", 106]",sales_current,sales_current,link,ordinary,否,,,,
lw-106-02,longword-08,dev,threshold,本期支出低于100万元,长文Word测试\长文测试_原始报告.docx,"[""p"", 106]",spending,spending,link,ordinary,是,,,,
lw-112-01,longword-09,dev,quote,本期销售额为125万元,长文Word测试\长文测试_原始报告.docx,"[""p"", 112]",sales_current,sales_current,link,ordinary,否,,,,
lw-112-02,longword-09,dev,growth,较上期增长25%,长文Word测试\长文测试_原始报告.docx,"[""p"", 112]","sales_prev,sales_current","sales_prev,sales_current",link,ordinary,否,,,,
lw-112-03,longword-09,dev,threshold,超过120万元,长文Word测试\长文测试_原始报告.docx,"[""p"", 112]",sales_current,sales_current,link,ordinary,否,,,,
lw-114-01,longword-09,dev,growth,本期销售额较上期增长,长文Word测试\长文测试_原始报告.docx,"[""p"", 114]","sales_prev,sales_current","sales_prev,sales_current",link,ordinary,否,,,,
lw-114-02,longword-09,dev,threshold,本期销售额超过80万元,长文Word测试\长文测试_原始报告.docx,"[""p"", 114]",sales_current,sales_current,link,ordinary,否,,,,
lw-115-01,longword-09,dev,ranking,A产品销量最高,长文Word测试\长文测试_原始报告.docx,"[""p"", 115]","product_a,product_b","product_a,product_b",link,ordinary,否,,,,
lw-115-02,longword-09,dev,threshold,支出未超过预算,长文Word测试\长文测试_原始报告.docx,"[""p"", 115]","spending,budget","spending,budget",link,ordinary,否,,,,
lw-116-01,longword-09,dev,quote,本期支出为80万元,长文Word测试\长文测试_原始报告.docx,"[""p"", 116]",spending,spending,link,ordinary,是,,,,
lw-116-02,longword-09,dev,quote,本期预算为100万元,长文Word测试\长文测试_原始报告.docx,"[""p"", 116]",budget,budget,link,ordinary,否,,,,
lw-118-01,longword-09,dev,quote,本期销售额为125万元,长文Word测试\长文测试_原始报告.docx,"[""p"", 118]",sales_current,sales_current,link,ordinary,否,,,,
lw-118-02,longword-09,dev,threshold,本期支出低于100万元,长文Word测试\长文测试_原始报告.docx,"[""p"", 118]",spending,spending,link,ordinary,是,,,,
lw-124-01,longword-09,dev,quote,本期销售额为125万元,长文Word测试\长文测试_原始报告.docx,"[""p"", 124]",sales_current,sales_current,link,ordinary,否,,,,
lw-124-02,longword-09,dev,growth,较上期增长25%,长文Word测试\长文测试_原始报告.docx,"[""p"", 124]","sales_prev,sales_current","sales_prev,sales_current",link,ordinary,否,,,,
lw-124-03,longword-09,dev,threshold,超过120万元,长文Word测试\长文测试_原始报告.docx,"[""p"", 124]",sales_current,sales_current,link,ordinary,否,,,,
lw-126-01,longword-10,dev,growth,本期销售额较上期增长,长文Word测试\长文测试_原始报告.docx,"[""p"", 126]","sales_prev,sales_current","sales_prev,sales_current",link,ordinary,否,,,,
lw-126-02,longword-10,dev,threshold,本期销售额超过80万元,长文Word测试\长文测试_原始报告.docx,"[""p"", 126]",sales_current,sales_current,link,ordinary,否,,,,
lw-127-01,longword-10,dev,ranking,A产品销量最高,长文Word测试\长文测试_原始报告.docx,"[""p"", 127]","product_a,product_b","product_a,product_b",link,ordinary,否,,,,
lw-127-02,longword-10,dev,threshold,支出未超过预算,长文Word测试\长文测试_原始报告.docx,"[""p"", 127]","spending,budget","spending,budget",link,ordinary,否,,,,
lw-128-01,longword-10,dev,quote,本期支出为80万元,长文Word测试\长文测试_原始报告.docx,"[""p"", 128]",spending,spending,link,ordinary,是,,,,
lw-128-02,longword-10,dev,quote,本期预算为100万元,长文Word测试\长文测试_原始报告.docx,"[""p"", 128]",budget,budget,link,ordinary,否,,,,
lw-130-01,longword-10,dev,quote,本期销售额为125万元,长文Word测试\长文测试_原始报告.docx,"[""p"", 130]",sales_current,sales_current,link,ordinary,否,,,,
lw-130-02,longword-10,dev,threshold,本期支出低于100万元,长文Word测试\长文测试_原始报告.docx,"[""p"", 130]",spending,spending,link,ordinary,是,,,,
lw-136-01,longword-10,dev,quote,本期销售额为125万元,长文Word测试\长文测试_原始报告.docx,"[""p"", 136]",sales_current,sales_current,link,ordinary,否,,,,
lw-136-02,longword-10,dev,growth,较上期增长25%,长文Word测试\长文测试_原始报告.docx,"[""p"", 136]","sales_prev,sales_current","sales_prev,sales_current",link,ordinary,否,,,,
lw-136-03,longword-10,dev,threshold,超过120万元,长文Word测试\长文测试_原始报告.docx,"[""p"", 136]",sales_current,sales_current,link,ordinary,否,,,,
lw-138-01,longword-10,dev,growth,本期销售额较上期增长,长文Word测试\长文测试_原始报告.docx,"[""p"", 138]","sales_prev,sales_current","sales_prev,sales_current",link,ordinary,否,,,,
lw-138-02,longword-10,dev,threshold,本期销售额超过80万元,长文Word测试\长文测试_原始报告.docx,"[""p"", 138]",sales_current,sales_current,link,ordinary,否,,,,
lw-139-01,longword-10,dev,ranking,A产品销量最高,长文Word测试\长文测试_原始报告.docx,"[""p"", 139]","product_a,product_b","product_a,product_b",link,ordinary,否,,,,
lw-139-02,longword-10,dev,threshold,支出未超过预算,长文Word测试\长文测试_原始报告.docx,"[""p"", 139]","spending,budget","spending,budget",link,ordinary,否,,,,
lw-140-01,longword-11,dev,quote,本期支出为80万元,长文Word测试\长文测试_原始报告.docx,"[""p"", 140]",spending,spending,link,ordinary,是,,,,
lw-140-02,longword-11,dev,quote,本期预算为100万元,长文Word测试\长文测试_原始报告.docx,"[""p"", 140]",budget,budget,link,ordinary,否,,,,
lw-142-01,longword-11,dev,quote,本期销售额为125万元,长文Word测试\长文测试_原始报告.docx,"[""p"", 142]",sales_current,sales_current,link,ordinary,否,,,,
lw-142-02,longword-11,dev,threshold,本期支出低于100万元,长文Word测试\长文测试_原始报告.docx,"[""p"", 142]",spending,spending,link,ordinary,是,,,,
lw-148-01,longword-11,dev,quote,本期销售额为125万元,长文Word测试\长文测试_原始报告.docx,"[""p"", 148]",sales_current,sales_current,link,ordinary,否,,,,
lw-148-02,longword-11,dev,growth,较上期增长25%,长文Word测试\长文测试_原始报告.docx,"[""p"", 148]","sales_prev,sales_current","sales_prev,sales_current",link,ordinary,否,,,,
lw-148-03,longword-11,dev,threshold,超过120万元,长文Word测试\长文测试_原始报告.docx,"[""p"", 148]",sales_current,sales_current,link,ordinary,否,,,,
lw-150-01,longword-11,dev,growth,本期销售额较上期增长,长文Word测试\长文测试_原始报告.docx,"[""p"", 150]","sales_prev,sales_current","sales_prev,sales_current",link,ordinary,否,,,,
lw-150-02,longword-11,dev,threshold,本期销售额超过80万元,长文Word测试\长文测试_原始报告.docx,"[""p"", 150]",sales_current,sales_current,link,ordinary,否,,,,
lw-151-01,longword-11,dev,ranking,A产品销量最高,长文Word测试\长文测试_原始报告.docx,"[""p"", 151]","product_a,product_b","product_a,product_b",link,ordinary,否,,,,
lw-151-02,longword-11,dev,threshold,支出未超过预算,长文Word测试\长文测试_原始报告.docx,"[""p"", 151]","spending,budget","spending,budget",link,ordinary,否,,,,
lw-152-01,longword-11,dev,quote,本期支出为80万元,长文Word测试\长文测试_原始报告.docx,"[""p"", 152]",spending,spending,link,ordinary,是,,,,
lw-152-02,longword-11,dev,quote,本期预算为100万元,长文Word测试\长文测试_原始报告.docx,"[""p"", 152]",budget,budget,link,ordinary,否,,,,
lw-154-01,longword-12,dev,quote,本期销售额为125万元,长文Word测试\长文测试_原始报告.docx,"[""p"", 154]",sales_current,sales_current,link,ordinary,否,,,,
lw-154-02,longword-12,dev,threshold,本期支出低于100万元,长文Word测试\长文测试_原始报告.docx,"[""p"", 154]",spending,spending,link,ordinary,是,,,,
lw-160-01,longword-12,dev,quote,本期销售额为125万元,长文Word测试\长文测试_原始报告.docx,"[""p"", 160]",sales_current,sales_current,link,ordinary,否,,,,
lw-160-02,longword-12,dev,growth,较上期增长25%,长文Word测试\长文测试_原始报告.docx,"[""p"", 160]","sales_prev,sales_current","sales_prev,sales_current",link,ordinary,否,,,,
lw-160-03,longword-12,dev,threshold,超过120万元,长文Word测试\长文测试_原始报告.docx,"[""p"", 160]",sales_current,sales_current,link,ordinary,否,,,,
lw-162-01,longword-12,dev,growth,本期销售额较上期增长,长文Word测试\长文测试_原始报告.docx,"[""p"", 162]","sales_prev,sales_current","sales_prev,sales_current",link,ordinary,否,,,,
lw-162-02,longword-12,dev,threshold,本期销售额超过80万元,长文Word测试\长文测试_原始报告.docx,"[""p"", 162]",sales_current,sales_current,link,ordinary,否,,,,
lw-163-01,longword-12,dev,ranking,A产品销量最高,长文Word测试\长文测试_原始报告.docx,"[""p"", 163]","product_a,product_b","product_a,product_b",link,ordinary,否,,,,
lw-163-02,longword-12,dev,threshold,支出未超过预算,长文Word测试\长文测试_原始报告.docx,"[""p"", 163]","spending,budget","spending,budget",link,ordinary,否,,,,
lw-164-01,longword-12,dev,quote,本期支出为80万元,长文Word测试\长文测试_原始报告.docx,"[""p"", 164]",spending,spending,link,ordinary,是,,,,
lw-164-02,longword-12,dev,quote,本期预算为100万元,长文Word测试\长文测试_原始报告.docx,"[""p"", 164]",budget,budget,link,ordinary,否,,,,
lw-166-01,longword-12,dev,quote,本期销售额为125万元,长文Word测试\长文测试_原始报告.docx,"[""p"", 166]",sales_current,sales_current,link,ordinary,否,,,,
lw-166-02,longword-12,dev,threshold,本期支出低于100万元,长文Word测试\长文测试_原始报告.docx,"[""p"", 166]",spending,spending,link,ordinary,是,,,,
lw-172-01,longword-13,dev,quote,本期销售额为125万元,长文Word测试\长文测试_原始报告.docx,"[""p"", 172]",sales_current,sales_current,link,ordinary,否,,,,
lw-172-02,longword-13,dev,growth,较上期增长25%,长文Word测试\长文测试_原始报告.docx,"[""p"", 172]","sales_prev,sales_current","sales_prev,sales_current",link,ordinary,否,,,,
lw-172-03,longword-13,dev,threshold,超过120万元,长文Word测试\长文测试_原始报告.docx,"[""p"", 172]",sales_current,sales_current,link,ordinary,否,,,,
lw-174-01,longword-13,dev,growth,本期销售额较上期增长,长文Word测试\长文测试_原始报告.docx,"[""p"", 174]","sales_prev,sales_current","sales_prev,sales_current",link,ordinary,否,,,,
lw-174-02,longword-13,dev,threshold,本期销售额超过80万元,长文Word测试\长文测试_原始报告.docx,"[""p"", 174]",sales_current,sales_current,link,ordinary,否,,,,
lw-175-01,longword-13,dev,ranking,A产品销量最高,长文Word测试\长文测试_原始报告.docx,"[""p"", 175]","product_a,product_b","product_a,product_b",link,ordinary,否,,,,
lw-175-02,longword-13,dev,threshold,支出未超过预算,长文Word测试\长文测试_原始报告.docx,"[""p"", 175]","spending,budget","spending,budget",link,ordinary,否,,,,
lw-176-01,longword-13,dev,quote,本期支出为80万元,长文Word测试\长文测试_原始报告.docx,"[""p"", 176]",spending,spending,link,ordinary,是,,,,
lw-176-02,longword-13,dev,quote,本期预算为100万元,长文Word测试\长文测试_原始报告.docx,"[""p"", 176]",budget,budget,link,ordinary,否,,,,
lw-178-01,longword-13,dev,quote,本期销售额为125万元,长文Word测试\长文测试_原始报告.docx,"[""p"", 178]",sales_current,sales_current,link,ordinary,否,,,,
lw-178-02,longword-13,dev,threshold,本期支出低于100万元,长文Word测试\长文测试_原始报告.docx,"[""p"", 178]",spending,spending,link,ordinary,是,,,,
lw-184-01,longword-14,dev,quote,本期销售额为125万元,长文Word测试\长文测试_原始报告.docx,"[""p"", 184]",sales_current,sales_current,link,ordinary,否,,,,
lw-184-02,longword-14,dev,growth,较上期增长25%,长文Word测试\长文测试_原始报告.docx,"[""p"", 184]","sales_prev,sales_current","sales_prev,sales_current",link,ordinary,否,,,,
lw-184-03,longword-14,dev,threshold,超过120万元,长文Word测试\长文测试_原始报告.docx,"[""p"", 184]",sales_current,sales_current,link,ordinary,否,,,,
lw-186-01,longword-14,dev,growth,本期销售额较上期增长,长文Word测试\长文测试_原始报告.docx,"[""p"", 186]","sales_prev,sales_current","sales_prev,sales_current",link,ordinary,否,,,,
lw-186-02,longword-14,dev,threshold,本期销售额超过80万元,长文Word测试\长文测试_原始报告.docx,"[""p"", 186]",sales_current,sales_current,link,ordinary,否,,,,
lw-187-01,longword-14,dev,ranking,A产品销量最高,长文Word测试\长文测试_原始报告.docx,"[""p"", 187]","product_a,product_b","product_a,product_b",link,ordinary,否,,,,
lw-187-02,longword-14,dev,threshold,支出未超过预算,长文Word测试\长文测试_原始报告.docx,"[""p"", 187]","spending,budget","spending,budget",link,ordinary,否,,,,
lw-188-01,longword-14,dev,quote,本期支出为80万元,长文Word测试\长文测试_原始报告.docx,"[""p"", 188]",spending,spending,link,ordinary,是,,,,
lw-188-02,longword-14,dev,quote,本期预算为100万元,长文Word测试\长文测试_原始报告.docx,"[""p"", 188]",budget,budget,link,ordinary,否,,,,
lw-190-01,longword-14,dev,quote,本期销售额为125万元,长文Word测试\长文测试_原始报告.docx,"[""p"", 190]",sales_current,sales_current,link,ordinary,否,,,,
lw-190-02,longword-14,dev,threshold,本期支出低于100万元,长文Word测试\长文测试_原始报告.docx,"[""p"", 190]",spending,spending,link,ordinary,是,,,,
lw-196-01,longword-15,dev,quote,本期销售额为125万元,长文Word测试\长文测试_原始报告.docx,"[""p"", 196]",sales_current,sales_current,link,ordinary,否,,,,
lw-196-02,longword-15,dev,growth,较上期增长25%,长文Word测试\长文测试_原始报告.docx,"[""p"", 196]","sales_prev,sales_current","sales_prev,sales_current",link,ordinary,否,,,,
lw-196-03,longword-15,dev,threshold,超过120万元,长文Word测试\长文测试_原始报告.docx,"[""p"", 196]",sales_current,sales_current,link,ordinary,否,,,,
lw-198-01,longword-15,dev,growth,本期销售额较上期增长,长文Word测试\长文测试_原始报告.docx,"[""p"", 198]","sales_prev,sales_current","sales_prev,sales_current",link,ordinary,否,,,,
lw-198-02,longword-15,dev,threshold,本期销售额超过80万元,长文Word测试\长文测试_原始报告.docx,"[""p"", 198]",sales_current,sales_current,link,ordinary,否,,,,
lw-199-01,longword-15,dev,ranking,A产品销量最高,长文Word测试\长文测试_原始报告.docx,"[""p"", 199]","product_a,product_b","product_a,product_b",link,ordinary,否,,,,
lw-199-02,longword-15,dev,threshold,支出未超过预算,长文Word测试\长文测试_原始报告.docx,"[""p"", 199]","spending,budget","spending,budget",link,ordinary,否,,,,
lw-200-01,longword-15,dev,quote,本期支出为80万元,长文Word测试\长文测试_原始报告.docx,"[""p"", 200]",spending,spending,link,ordinary,是,,,,
lw-200-02,longword-15,dev,quote,本期预算为100万元,长文Word测试\长文测试_原始报告.docx,"[""p"", 200]",budget,budget,link,ordinary,否,,,,
lw-202-01,longword-15,dev,quote,本期销售额为125万元,长文Word测试\长文测试_原始报告.docx,"[""p"", 202]",sales_current,sales_current,link,ordinary,否,,,,
lw-202-02,longword-15,dev,threshold,本期支出低于100万元,长文Word测试\长文测试_原始报告.docx,"[""p"", 202]",spending,spending,link,ordinary,是,,,,
lw-208-01,longword-15,dev,quote,本期销售额为125万元,长文Word测试\长文测试_原始报告.docx,"[""p"", 208]",sales_current,sales_current,link,ordinary,否,,,,
lw-208-02,longword-15,dev,growth,较上期增长25%,长文Word测试\长文测试_原始报告.docx,"[""p"", 208]","sales_prev,sales_current","sales_prev,sales_current",link,ordinary,否,,,,
lw-208-03,longword-15,dev,threshold,超过120万元,长文Word测试\长文测试_原始报告.docx,"[""p"", 208]",sales_current,sales_current,link,ordinary,否,,,,
lw-210-01,longword-16,dev,growth,本期销售额较上期增长,长文Word测试\长文测试_原始报告.docx,"[""p"", 210]","sales_prev,sales_current","sales_prev,sales_current",link,ordinary,否,,,,
lw-210-02,longword-16,dev,threshold,本期销售额超过80万元,长文Word测试\长文测试_原始报告.docx,"[""p"", 210]",sales_current,sales_current,link,ordinary,否,,,,
lw-211-01,longword-16,dev,ranking,A产品销量最高,长文Word测试\长文测试_原始报告.docx,"[""p"", 211]","product_a,product_b","product_a,product_b",link,ordinary,否,,,,
lw-211-02,longword-16,dev,threshold,支出未超过预算,长文Word测试\长文测试_原始报告.docx,"[""p"", 211]","spending,budget","spending,budget",link,ordinary,否,,,,
lw-212-01,longword-16,dev,quote,本期支出为80万元,长文Word测试\长文测试_原始报告.docx,"[""p"", 212]",spending,spending,link,ordinary,是,,,,
lw-212-02,longword-16,dev,quote,本期预算为100万元,长文Word测试\长文测试_原始报告.docx,"[""p"", 212]",budget,budget,link,ordinary,否,,,,
lw-214-01,longword-16,dev,quote,本期销售额为125万元,长文Word测试\长文测试_原始报告.docx,"[""p"", 214]",sales_current,sales_current,link,ordinary,否,,,,
lw-214-02,longword-16,dev,threshold,本期支出低于100万元,长文Word测试\长文测试_原始报告.docx,"[""p"", 214]",spending,spending,link,ordinary,是,,,,
lw-220-01,longword-16,dev,quote,本期销售额为125万元,长文Word测试\长文测试_原始报告.docx,"[""p"", 220]",sales_current,sales_current,link,ordinary,否,,,,
lw-220-02,longword-16,dev,growth,较上期增长25%,长文Word测试\长文测试_原始报告.docx,"[""p"", 220]","sales_prev,sales_current","sales_prev,sales_current",link,ordinary,否,,,,
lw-220-03,longword-16,dev,threshold,超过120万元,长文Word测试\长文测试_原始报告.docx,"[""p"", 220]",sales_current,sales_current,link,ordinary,否,,,,
lw-222-01,longword-16,dev,growth,本期销售额较上期增长,长文Word测试\长文测试_原始报告.docx,"[""p"", 222]","sales_prev,sales_current","sales_prev,sales_current",link,ordinary,否,,,,
lw-222-02,longword-16,dev,threshold,本期销售额超过80万元,长文Word测试\长文测试_原始报告.docx,"[""p"", 222]",sales_current,sales_current,link,ordinary,否,,,,
lw-223-01,longword-16,dev,ranking,A产品销量最高,长文Word测试\长文测试_原始报告.docx,"[""p"", 223]","product_a,product_b","product_a,product_b",link,ordinary,否,,,,
lw-223-02,longword-16,dev,threshold,支出未超过预算,长文Word测试\长文测试_原始报告.docx,"[""p"", 223]","spending,budget","spending,budget",link,ordinary,否,,,,
lw-224-01,longword-17,dev,quote,本期支出为80万元,长文Word测试\长文测试_原始报告.docx,"[""p"", 224]",spending,spending,link,ordinary,是,,,,
lw-224-02,longword-17,dev,quote,本期预算为100万元,长文Word测试\长文测试_原始报告.docx,"[""p"", 224]",budget,budget,link,ordinary,否,,,,
lw-226-01,longword-17,dev,quote,本期销售额为125万元,长文Word测试\长文测试_原始报告.docx,"[""p"", 226]",sales_current,sales_current,link,ordinary,否,,,,
lw-226-02,longword-17,dev,threshold,本期支出低于100万元,长文Word测试\长文测试_原始报告.docx,"[""p"", 226]",spending,spending,link,ordinary,是,,,,
lw-232-01,longword-17,dev,quote,本期销售额为125万元,长文Word测试\长文测试_原始报告.docx,"[""p"", 232]",sales_current,sales_current,link,ordinary,否,,,,
lw-232-02,longword-17,dev,growth,较上期增长25%,长文Word测试\长文测试_原始报告.docx,"[""p"", 232]","sales_prev,sales_current","sales_prev,sales_current",link,ordinary,否,,,,
lw-232-03,longword-17,dev,threshold,超过120万元,长文Word测试\长文测试_原始报告.docx,"[""p"", 232]",sales_current,sales_current,link,ordinary,否,,,,
lw-234-01,longword-17,dev,growth,本期销售额较上期增长,长文Word测试\长文测试_原始报告.docx,"[""p"", 234]","sales_prev,sales_current","sales_prev,sales_current",link,ordinary,否,,,,
lw-234-02,longword-17,dev,threshold,本期销售额超过80万元,长文Word测试\长文测试_原始报告.docx,"[""p"", 234]",sales_current,sales_current,link,ordinary,否,,,,
lw-235-01,longword-17,dev,ranking,A产品销量最高,长文Word测试\长文测试_原始报告.docx,"[""p"", 235]","product_a,product_b","product_a,product_b",link,ordinary,否,,,,
lw-235-02,longword-17,dev,threshold,支出未超过预算,长文Word测试\长文测试_原始报告.docx,"[""p"", 235]","spending,budget","spending,budget",link,ordinary,否,,,,
lw-236-01,longword-17,dev,quote,本期支出为80万元,长文Word测试\长文测试_原始报告.docx,"[""p"", 236]",spending,spending,link,ordinary,是,,,,
lw-236-02,longword-17,dev,quote,本期预算为100万元,长文Word测试\长文测试_原始报告.docx,"[""p"", 236]",budget,budget,link,ordinary,否,,,,
lw-238-01,longword-18,dev,quote,本期销售额为125万元,长文Word测试\长文测试_原始报告.docx,"[""p"", 238]",sales_current,sales_current,link,ordinary,否,,,,
lw-238-02,longword-18,dev,threshold,本期支出低于100万元,长文Word测试\长文测试_原始报告.docx,"[""p"", 238]",spending,spending,link,ordinary,是,,,,
lw-244-01,longword-18,dev,quote,本期销售额为125万元,长文Word测试\长文测试_原始报告.docx,"[""p"", 244]",sales_current,sales_current,link,ordinary,否,,,,
lw-244-02,longword-18,dev,growth,较上期增长25%,长文Word测试\长文测试_原始报告.docx,"[""p"", 244]","sales_prev,sales_current","sales_prev,sales_current",link,ordinary,否,,,,
lw-244-03,longword-18,dev,threshold,超过120万元,长文Word测试\长文测试_原始报告.docx,"[""p"", 244]",sales_current,sales_current,link,ordinary,否,,,,
lw-246-01,longword-18,dev,growth,本期销售额较上期增长,长文Word测试\长文测试_原始报告.docx,"[""p"", 246]","sales_prev,sales_current","sales_prev,sales_current",link,ordinary,否,,,,
lw-246-02,longword-18,dev,threshold,本期销售额超过80万元,长文Word测试\长文测试_原始报告.docx,"[""p"", 246]",sales_current,sales_current,link,ordinary,否,,,,
lw-247-01,longword-18,dev,ranking,A产品销量最高,长文Word测试\长文测试_原始报告.docx,"[""p"", 247]","product_a,product_b","product_a,product_b",link,ordinary,否,,,,
lw-247-02,longword-18,dev,threshold,支出未超过预算,长文Word测试\长文测试_原始报告.docx,"[""p"", 247]","spending,budget","spending,budget",link,ordinary,否,,,,
lw-248-01,longword-18,dev,quote,本期支出为80万元,长文Word测试\长文测试_原始报告.docx,"[""p"", 248]",spending,spending,link,ordinary,是,,,,
lw-248-02,longword-18,dev,quote,本期预算为100万元,长文Word测试\长文测试_原始报告.docx,"[""p"", 248]",budget,budget,link,ordinary,否,,,,
lw-250-01,longword-18,dev,quote,本期销售额为125万元,长文Word测试\长文测试_原始报告.docx,"[""p"", 250]",sales_current,sales_current,link,ordinary,否,,,,
lw-250-02,longword-18,dev,threshold,本期支出低于100万元,长文Word测试\长文测试_原始报告.docx,"[""p"", 250]",spending,spending,link,ordinary,是,,,,
lw-256-01,longword-19,test,quote,本期销售额为125万元,长文Word测试\长文测试_原始报告.docx,"[""p"", 256]",sales_current,sales_current,link,ordinary,否,,,,
lw-256-02,longword-19,test,growth,较上期增长25%,长文Word测试\长文测试_原始报告.docx,"[""p"", 256]","sales_prev,sales_current","sales_prev,sales_current",link,ordinary,否,,,,
lw-256-03,longword-19,test,threshold,超过120万元,长文Word测试\长文测试_原始报告.docx,"[""p"", 256]",sales_current,sales_current,link,ordinary,否,,,,
lw-258-01,longword-19,test,growth,本期销售额较上期增长,长文Word测试\长文测试_原始报告.docx,"[""p"", 258]","sales_prev,sales_current","sales_prev,sales_current",link,ordinary,否,,,,
lw-258-02,longword-19,test,threshold,本期销售额超过80万元,长文Word测试\长文测试_原始报告.docx,"[""p"", 258]",sales_current,sales_current,link,ordinary,否,,,,
lw-259-01,longword-19,test,ranking,A产品销量最高,长文Word测试\长文测试_原始报告.docx,"[""p"", 259]","product_a,product_b","product_a,product_b",link,ordinary,否,,,,
lw-259-02,longword-19,test,threshold,支出未超过预算,长文Word测试\长文测试_原始报告.docx,"[""p"", 259]","spending,budget","spending,budget",link,ordinary,否,,,,
lw-260-01,longword-19,test,quote,本期支出为80万元,长文Word测试\长文测试_原始报告.docx,"[""p"", 260]",spending,spending,link,ordinary,是,,,,
lw-260-02,longword-19,test,quote,本期预算为100万元,长文Word测试\长文测试_原始报告.docx,"[""p"", 260]",budget,budget,link,ordinary,否,,,,
lw-262-01,longword-19,test,quote,本期销售额为125万元,长文Word测试\长文测试_原始报告.docx,"[""p"", 262]",sales_current,sales_current,link,ordinary,否,,,,
lw-262-02,longword-19,test,threshold,本期支出低于100万元,长文Word测试\长文测试_原始报告.docx,"[""p"", 262]",spending,spending,link,ordinary,是,,,,
lw-268-01,longword-20,test,quote,本期销售额为125万元,长文Word测试\长文测试_原始报告.docx,"[""p"", 268]",sales_current,sales_current,link,ordinary,否,,,,
lw-268-02,longword-20,test,growth,较上期增长25%,长文Word测试\长文测试_原始报告.docx,"[""p"", 268]","sales_prev,sales_current","sales_prev,sales_current",link,ordinary,否,,,,
lw-268-03,longword-20,test,threshold,超过120万元,长文Word测试\长文测试_原始报告.docx,"[""p"", 268]",sales_current,sales_current,link,ordinary,否,,,,
lw-270-01,longword-20,test,growth,本期销售额较上期增长,长文Word测试\长文测试_原始报告.docx,"[""p"", 270]","sales_prev,sales_current","sales_prev,sales_current",link,ordinary,否,,,,
lw-270-02,longword-20,test,threshold,本期销售额超过80万元,长文Word测试\长文测试_原始报告.docx,"[""p"", 270]",sales_current,sales_current,link,ordinary,否,,,,
lw-271-01,longword-20,test,ranking,A产品销量最高,长文Word测试\长文测试_原始报告.docx,"[""p"", 271]","product_a,product_b","product_a,product_b",link,ordinary,否,,,,
lw-271-02,longword-20,test,threshold,支出未超过预算,长文Word测试\长文测试_原始报告.docx,"[""p"", 271]","spending,budget","spending,budget",link,ordinary,否,,,,
lw-272-01,longword-20,test,quote,本期支出为80万元,长文Word测试\长文测试_原始报告.docx,"[""p"", 272]",spending,spending,link,ordinary,是,,,,
lw-272-02,longword-20,test,quote,本期预算为100万元,长文Word测试\长文测试_原始报告.docx,"[""p"", 272]",budget,budget,link,ordinary,否,,,,
lw-274-01,longword-20,test,quote,本期销售额为125万元,长文Word测试\长文测试_原始报告.docx,"[""p"", 274]",sales_current,sales_current,link,ordinary,否,,,,
lw-274-02,longword-20,test,threshold,本期支出低于100万元,长文Word测试\长文测试_原始报告.docx,"[""p"", 274]",spending,spending,link,ordinary,是,,,,
lw-280-01,longword-21,test,quote,本期销售额为125万元,长文Word测试\长文测试_原始报告.docx,"[""p"", 280]",sales_current,sales_current,link,ordinary,否,,,,
lw-280-02,longword-21,test,growth,较上期增长25%,长文Word测试\长文测试_原始报告.docx,"[""p"", 280]","sales_prev,sales_current","sales_prev,sales_current",link,ordinary,否,,,,
lw-280-03,longword-21,test,threshold,超过120万元,长文Word测试\长文测试_原始报告.docx,"[""p"", 280]",sales_current,sales_current,link,ordinary,否,,,,
lw-282-01,longword-21,test,growth,本期销售额较上期增长,长文Word测试\长文测试_原始报告.docx,"[""p"", 282]","sales_prev,sales_current","sales_prev,sales_current",link,ordinary,否,,,,
lw-282-02,longword-21,test,threshold,本期销售额超过80万元,长文Word测试\长文测试_原始报告.docx,"[""p"", 282]",sales_current,sales_current,link,ordinary,否,,,,
lw-283-01,longword-21,test,ranking,A产品销量最高,长文Word测试\长文测试_原始报告.docx,"[""p"", 283]","product_a,product_b","product_a,product_b",link,ordinary,否,,,,
lw-283-02,longword-21,test,threshold,支出未超过预算,长文Word测试\长文测试_原始报告.docx,"[""p"", 283]","spending,budget","spending,budget",link,ordinary,否,,,,
lw-284-01,longword-21,test,quote,本期支出为80万元,长文Word测试\长文测试_原始报告.docx,"[""p"", 284]",spending,spending,link,ordinary,是,,,,
lw-284-02,longword-21,test,quote,本期预算为100万元,长文Word测试\长文测试_原始报告.docx,"[""p"", 284]",budget,budget,link,ordinary,否,,,,
lw-286-01,longword-21,test,quote,本期销售额为125万元,长文Word测试\长文测试_原始报告.docx,"[""p"", 286]",sales_current,sales_current,link,ordinary,否,,,,
lw-286-02,longword-21,test,threshold,本期支出低于100万元,长文Word测试\长文测试_原始报告.docx,"[""p"", 286]",spending,spending,link,ordinary,是,,,,
lw-292-01,longword-21,test,quote,本期销售额为125万元,长文Word测试\长文测试_原始报告.docx,"[""t"", 0, 1, 1, 0]",sales_current,sales_current,link,ordinary,否,,,,
lw-294-01,longword-22,test,ranking,A产品销量最高,长文Word测试\长文测试_原始报告.docx,"[""t"", 0, 2, 1, 0]","product_a,product_b","product_a,product_b",link,ordinary,否,,,,
lw-298-01,longword-22,test,quote,本期销售额为125万元,长文Word测试\长文测试_原始报告.docx,"[""t"", 1, 1, 1, 0]",sales_current,sales_current,link,ordinary,否,,,,
lw-300-01,longword-22,test,ranking,A产品销量最高,长文Word测试\长文测试_原始报告.docx,"[""t"", 1, 2, 1, 0]","product_a,product_b","product_a,product_b",link,ordinary,否,,,,
lw-304-01,longword-22,test,quote,本期销售额为125万元,长文Word测试\长文测试_原始报告.docx,"[""t"", 2, 1, 1, 0]",sales_current,sales_current,link,ordinary,否,,,,
lw-306-01,longword-22,test,ranking,A产品销量最高,长文Word测试\长文测试_原始报告.docx,"[""t"", 2, 2, 1, 0]","product_a,product_b","product_a,product_b",link,ordinary,否,,,,
lw-310-01,longword-23,test,quote,本期销售额为125万元,长文Word测试\长文测试_原始报告.docx,"[""t"", 3, 1, 1, 0]",sales_current,sales_current,link,ordinary,否,,,,
lw-312-01,longword-23,test,ranking,A产品销量最高,长文Word测试\长文测试_原始报告.docx,"[""t"", 3, 2, 1, 0]","product_a,product_b","product_a,product_b",link,ordinary,否,,,,
lw-316-01,longword-23,test,quote,本期销售额为125万元,长文Word测试\长文测试_原始报告.docx,"[""t"", 4, 1, 1, 0]",sales_current,sales_current,link,ordinary,否,,,,
lw-318-01,longword-23,test,ranking,A产品销量最高,长文Word测试\长文测试_原始报告.docx,"[""t"", 4, 2, 1, 0]","product_a,product_b","product_a,product_b",link,ordinary,否,,,,
lw-322-01,longword-24,test,quote,本期销售额为125万元,长文Word测试\长文测试_原始报告.docx,"[""t"", 5, 1, 1, 0]",sales_current,sales_current,link,ordinary,否,,,,
lw-324-01,longword-24,test,ranking,A产品销量最高,长文Word测试\长文测试_原始报告.docx,"[""t"", 5, 2, 1, 0]","product_a,product_b","product_a,product_b",link,ordinary,否,,,,
lw-328-01,longword-24,test,quote,本期销售额为125万元,长文Word测试\长文测试_原始报告.docx,"[""t"", 6, 1, 1, 0]",sales_current,sales_current,link,ordinary,否,,,,
lw-330-01,longword-24,test,ranking,A产品销量最高,长文Word测试\长文测试_原始报告.docx,"[""t"", 6, 2, 1, 0]","product_a,product_b","product_a,product_b",link,ordinary,否,,,,
lw-334-01,longword-24,test,quote,本期销售额为125万元,长文Word测试\长文测试_原始报告.docx,"[""t"", 7, 1, 1, 0]",sales_current,sales_current,link,ordinary,否,,,,
lw-336-01,longword-25,test,ranking,A产品销量最高,长文Word测试\长文测试_原始报告.docx,"[""t"", 7, 2, 1, 0]","product_a,product_b","product_a,product_b",link,ordinary,否,,,,
